well,analyte,scope,min_detected,min_detected_date,max_detected,max_detected_date,max_reporting_limit_nondetect,max_reporting_limit_date,n_samples_analyzed,n_nondetect,n_detect,unit,regulatory_limit,limit_type,exceedance_ratio_at_max,source_document,source_table,source_pages
MW-1,arsenic,per_well_all_dates,1.1,6/4/2014,3.3,3/18/2013,5.0,3/12/2012,20,3,17,ug/L,10.0,MCL,0.33,06A2542ct_TO97_GW Rpt_final.20230308.pdf,Table 3,21-29 (values); 30 (footnote key); 29 (MCL row)
MW-1,barium,per_well_all_dates,100.0,5/2/2016,190.0,3/18/2013,,,20,0,20,ug/L,1000.0,MCL,0.19,06A2542ct_TO97_GW Rpt_final.20230308.pdf,Table 3,21-29 (values); 30 (footnote key); 29 (MCL row)
MW-1,lead,per_well_all_dates,2.2,3/18/2013,2.2,3/18/2013,6.3,4/12/2018,20,19,1,ug/L,15.0,Regulatory Action Level (California Department of Public Health; NOT an MCL per Table 3 footnote 3),0.147,06A2542ct_TO97_GW Rpt_final.20230308.pdf,Table 3,21-29 (values); 30 (footnote key); 29 (MCL row)
MW-1,manganese,per_well_all_dates,12.0,1/22/2013,160.0,3/18/2013,50.0,3/12/2012,20,14,6,ug/L,50.0,Secondary MCL,3.2,06A2542ct_TO97_GW Rpt_final.20230308.pdf,Table 3,21-29 (values); 30 (footnote key); 29 (MCL row)
MW-1,strontium,per_well_all_dates,810.0,5/2/2016,1400.0,4/12/2018,,,18,0,18,ug/L,4000.0,EPA Drinking Water Health Advisory (footnote 4; NOT an MCL),0.35,06A2542ct_TO97_GW Rpt_final.20230308.pdf,Table 3,21-29 (values); 30 (footnote key); 29 (MCL row)
MW-1,nitrate_as_n,per_well_all_dates,5.0,6/14/2006,18.0,9/16/2014,,,20,0,20,mg/L,10.0,MCL (health-based),1.8,06A2542ct_TO97_GW Rpt_final.20230308.pdf,Table 4,31-39 (values); 39 (MCL row)
MW-10,arsenic,per_well_all_dates,1.8,9/5/2013,4.1,6/20/2012,,,12,0,12,ug/L,10.0,MCL,0.41,06A2542ct_TO97_GW Rpt_final.20230308.pdf,Table 3,21-29 (values); 30 (footnote key); 29 (MCL row)
MW-10,barium,per_well_all_dates,59.0,7/17/2012,160.0,6/20/2012,,,12,0,12,ug/L,1000.0,MCL,0.16,06A2542ct_TO97_GW Rpt_final.20230308.pdf,Table 3,21-29 (values); 30 (footnote key); 29 (MCL row)
MW-10,lead,per_well_all_dates,2.2,6/20/2012,2.2,6/20/2012,6.3,4/11/2018,12,11,1,ug/L,15.0,Regulatory Action Level (California Department of Public Health; NOT an MCL per Table 3 footnote 3),0.147,06A2542ct_TO97_GW Rpt_final.20230308.pdf,Table 3,21-29 (values); 30 (footnote key); 29 (MCL row)
MW-10,manganese,per_well_all_dates,14.0,3/18/2013,290.0,6/20/2012,50.0,12/12/2013,12,7,5,ug/L,50.0,Secondary MCL,5.8,06A2542ct_TO97_GW Rpt_final.20230308.pdf,Table 3,21-29 (values); 30 (footnote key); 29 (MCL row)
MW-10,strontium,per_well_all_dates,910.0,9/5/2013,1200.0,1/22/2013,,,12,0,12,ug/L,4000.0,EPA Drinking Water Health Advisory (footnote 4; NOT an MCL),0.3,06A2542ct_TO97_GW Rpt_final.20230308.pdf,Table 3,21-29 (values); 30 (footnote key); 29 (MCL row)
MW-10,nitrate_as_n,per_well_all_dates,9.2,6/20/2012,20.0,6/6/2013,,,12,0,12,mg/L,10.0,MCL (health-based),2.0,06A2542ct_TO97_GW Rpt_final.20230308.pdf,Table 4,31-39 (values); 39 (MCL row)
MW-2,arsenic,per_well_all_dates,1.8,4/12/2018,3.2,9/4/2013,5.0,3/12/2012,18,2,16,ug/L,10.0,MCL,0.32,06A2542ct_TO97_GW Rpt_final.20230308.pdf,Table 3,21-29 (values); 30 (footnote key); 29 (MCL row)
MW-2,barium,per_well_all_dates,72.0,12/11/2013,150.0,4/12/2017,,,18,0,18,ug/L,1000.0,MCL,0.15,06A2542ct_TO97_GW Rpt_final.20230308.pdf,Table 3,21-29 (values); 30 (footnote key); 29 (MCL row)
MW-2,lead,per_well_all_dates,,,,,6.3,4/12/2018,18,18,0,ug/L,15.0,Regulatory Action Level (California Department of Public Health; NOT an MCL per Table 3 footnote 3),,06A2542ct_TO97_GW Rpt_final.20230308.pdf,Table 3,21-29 (values); 30 (footnote key); 29 (MCL row)
MW-2,manganese,per_well_all_dates,1.3,4/12/2017,27.0,10/5/2006,50.0,3/12/2012,18,10,8,ug/L,50.0,Secondary MCL,0.54,06A2542ct_TO97_GW Rpt_final.20230308.pdf,Table 3,21-29 (values); 30 (footnote key); 29 (MCL row)
MW-2,strontium,per_well_all_dates,530.0,12/11/2013,940.0,4/12/2017,,,16,0,16,ug/L,4000.0,EPA Drinking Water Health Advisory (footnote 4; NOT an MCL),0.235,06A2542ct_TO97_GW Rpt_final.20230308.pdf,Table 3,21-29 (values); 30 (footnote key); 29 (MCL row)
MW-2,nitrate_as_n,per_well_all_dates,5.5,6/13/2006,24.0,4/12/2017,,,18,0,18,mg/L,10.0,MCL (health-based),2.4,06A2542ct_TO97_GW Rpt_final.20230308.pdf,Table 4,31-39 (values); 39 (MCL row)
MW-3,arsenic,per_well_all_dates,2.2,7/16/2012,5.8,9/4/2013,5.0,3/12/2012,17,2,15,ug/L,10.0,MCL,0.58,06A2542ct_TO97_GW Rpt_final.20230308.pdf,Table 3,21-29 (values); 30 (footnote key); 29 (MCL row)
MW-3,barium,per_well_all_dates,33.0,4/12/2017,240.0,7/16/2012,,,17,0,17,ug/L,1000.0,MCL,0.24,06A2542ct_TO97_GW Rpt_final.20230308.pdf,Table 3,21-29 (values); 30 (footnote key); 29 (MCL row)
MW-3,lead,per_well_all_dates,,,,,6.3,4/12/2018,17,17,0,ug/L,15.0,Regulatory Action Level (California Department of Public Health; NOT an MCL per Table 3 footnote 3),,06A2542ct_TO97_GW Rpt_final.20230308.pdf,Table 3,21-29 (values); 30 (footnote key); 29 (MCL row)
MW-3,manganese,per_well_all_dates,1.3,4/12/2017,74.0,9/19/2012,50.0,3/12/2012,17,12,5,ug/L,50.0,Secondary MCL,1.48,06A2542ct_TO97_GW Rpt_final.20230308.pdf,Table 3,21-29 (values); 30 (footnote key); 29 (MCL row)
MW-3,strontium,per_well_all_dates,190.0,4/12/2017,840.0,7/16/2012,,,15,0,15,ug/L,4000.0,EPA Drinking Water Health Advisory (footnote 4; NOT an MCL),0.21,06A2542ct_TO97_GW Rpt_final.20230308.pdf,Table 3,21-29 (values); 30 (footnote key); 29 (MCL row)
MW-3,nitrate_as_n,per_well_all_dates,2.1,4/12/2018,5.4,6/13/2006,,,17,0,17,mg/L,10.0,MCL (health-based),0.54,06A2542ct_TO97_GW Rpt_final.20230308.pdf,Table 4,31-39 (values); 39 (MCL row)
MW-4,arsenic,per_well_all_dates,1.3,6/4/2014,9.9,10/4/2006,5.0,3/12/2012,18,3,15,ug/L,10.0,MCL,0.99,06A2542ct_TO97_GW Rpt_final.20230308.pdf,Table 3,21-29 (values); 30 (footnote key); 29 (MCL row)
MW-4,barium,per_well_all_dates,100.0,10/4/2006,160.0,3/12/2012,,,20,0,20,ug/L,1000.0,MCL,0.16,06A2542ct_TO97_GW Rpt_final.20230308.pdf,Table 3,21-29 (values); 30 (footnote key); 29 (MCL row)
MW-4,lead,per_well_all_dates,,,,,6.3,4/12/2018,18,18,0,ug/L,15.0,Regulatory Action Level (California Department of Public Health; NOT an MCL per Table 3 footnote 3),,06A2542ct_TO97_GW Rpt_final.20230308.pdf,Table 3,21-29 (values); 30 (footnote key); 29 (MCL row)
MW-4,manganese,per_well_all_dates,1.3,4/12/2017,88.0,3/12/2012,50.0,4/30/2015,18,12,6,ug/L,50.0,Secondary MCL,1.76,06A2542ct_TO97_GW Rpt_final.20230308.pdf,Table 3,21-29 (values); 30 (footnote key); 29 (MCL row)
MW-4,strontium,per_well_all_dates,760.0,4/12/2018,980.0,9/19/2012,,,18,0,18,ug/L,4000.0,EPA Drinking Water Health Advisory (footnote 4; NOT an MCL),0.245,06A2542ct_TO97_GW Rpt_final.20230308.pdf,Table 3,21-29 (values); 30 (footnote key); 29 (MCL row)
MW-4,nitrate_as_n,per_well_all_dates,3.5,6/13/2006,14.0,4/12/2017,,,18,0,18,mg/L,10.0,MCL (health-based),1.4,06A2542ct_TO97_GW Rpt_final.20230308.pdf,Table 4,31-39 (values); 39 (MCL row)
MW-5,arsenic,per_well_all_dates,1.5,4/12/2018,2.9,11/29/2012,5.0,3/12/2012,16,2,14,ug/L,10.0,MCL,0.29,06A2542ct_TO97_GW Rpt_final.20230308.pdf,Table 3,21-29 (values); 30 (footnote key); 29 (MCL row)
MW-5,barium,per_well_all_dates,230.0,6/6/2013,410.0,10/5/2006,,,16,0,16,ug/L,1000.0,MCL,0.41,06A2542ct_TO97_GW Rpt_final.20230308.pdf,Table 3,21-29 (values); 30 (footnote key); 29 (MCL row)
MW-5,lead,per_well_all_dates,0.32,4/12/2018,1.4,6/14/2006,5.0,3/12/2012,16,14,2,ug/L,15.0,Regulatory Action Level (California Department of Public Health; NOT an MCL per Table 3 footnote 3),0.093,06A2542ct_TO97_GW Rpt_final.20230308.pdf,Table 3,21-29 (values); 30 (footnote key); 29 (MCL row)
MW-5,manganese,per_well_all_dates,18.0,5/17/2012,260.0,6/14/2006,50.0,3/12/2012,16,12,4,ug/L,50.0,Secondary MCL,5.2,06A2542ct_TO97_GW Rpt_final.20230308.pdf,Table 3,21-29 (values); 30 (footnote key); 29 (MCL row)
MW-5,strontium,per_well_all_dates,790.0,12/12/2013,1400.0,5/17/2012,,,14,0,14,ug/L,4000.0,EPA Drinking Water Health Advisory (footnote 4; NOT an MCL),0.35,06A2542ct_TO97_GW Rpt_final.20230308.pdf,Table 3,21-29 (values); 30 (footnote key); 29 (MCL row)
MW-5,nitrate_as_n,per_well_all_dates,8.3,6/14/2006,40.0,4/9/2019,,,16,0,16,mg/L,10.0,MCL (health-based),4.0,06A2542ct_TO97_GW Rpt_final.20230308.pdf,Table 4,31-39 (values); 39 (MCL row)
MW-6,arsenic,per_well_all_dates,2.1,4/12/2018,6.3,7/17/2012,5.0,3/12/2012,16,2,14,ug/L,10.0,MCL,0.63,06A2542ct_TO97_GW Rpt_final.20230308.pdf,Table 3,21-29 (values); 30 (footnote key); 29 (MCL row)
MW-6,barium,per_well_all_dates,76.0,6/6/2013,160.0,6/14/2006,,,18,0,18,ug/L,1000.0,MCL,0.16,06A2542ct_TO97_GW Rpt_final.20230308.pdf,Table 3,21-29 (values); 30 (footnote key); 29 (MCL row)
MW-6,lead,per_well_all_dates,1.3,12/12/2013,3.4,6/14/2006,6.3,4/12/2018,16,14,2,ug/L,15.0,Regulatory Action Level (California Department of Public Health; NOT an MCL per Table 3 footnote 3),0.227,06A2542ct_TO97_GW Rpt_final.20230308.pdf,Table 3,21-29 (values); 30 (footnote key); 29 (MCL row)
MW-6,manganese,per_well_all_dates,5.0,9/5/2013,190.0,6/14/2006,50.0,3/12/2012,16,3,13,ug/L,50.0,Secondary MCL,3.8,06A2542ct_TO97_GW Rpt_final.20230308.pdf,Table 3,21-29 (values); 30 (footnote key); 29 (MCL row)
MW-6,strontium,per_well_all_dates,550.0,6/5/2014,1100.0,7/17/2012,,,16,0,16,ug/L,4000.0,EPA Drinking Water Health Advisory (footnote 4; NOT an MCL),0.275,06A2542ct_TO97_GW Rpt_final.20230308.pdf,Table 3,21-29 (values); 30 (footnote key); 29 (MCL row)
MW-6,nitrate_as_n,per_well_all_dates,12.0,6/14/2006,23.0,6/6/2013,,,16,0,16,mg/L,10.0,MCL (health-based),2.3,06A2542ct_TO97_GW Rpt_final.20230308.pdf,Table 4,31-39 (values); 39 (MCL row)
MW-7,arsenic,per_well_all_dates,1.4,9/5/2013,4.0,3/18/2013,5.0,3/12/2012,20,2,18,ug/L,10.0,MCL,0.4,06A2542ct_TO97_GW Rpt_final.20230308.pdf,Table 3,21-29 (values); 30 (footnote key); 29 (MCL row)
MW-7,barium,per_well_all_dates,63.0,5/17/2012,150.0,3/18/2013,,,20,0,20,ug/L,1000.0,MCL,0.15,06A2542ct_TO97_GW Rpt_final.20230308.pdf,Table 3,21-29 (values); 30 (footnote key); 29 (MCL row)
MW-7,lead,per_well_all_dates,2.5,3/18/2013,2.5,3/18/2013,6.3,4/11/2018,20,19,1,ug/L,15.0,Regulatory Action Level (California Department of Public Health; NOT an MCL per Table 3 footnote 3),0.167,06A2542ct_TO97_GW Rpt_final.20230308.pdf,Table 3,21-29 (values); 30 (footnote key); 29 (MCL row)
MW-7,manganese,per_well_all_dates,1.1,10/4/2006,260.0,3/18/2013,50.0,3/12/2012,20,15,5,ug/L,50.0,Secondary MCL,5.2,06A2542ct_TO97_GW Rpt_final.20230308.pdf,Table 3,21-29 (values); 30 (footnote key); 29 (MCL row)
MW-7,strontium,per_well_all_dates,590.0,5/17/2012,1100.0,5/2/2016,,,18,0,18,ug/L,4000.0,EPA Drinking Water Health Advisory (footnote 4; NOT an MCL),0.275,06A2542ct_TO97_GW Rpt_final.20230308.pdf,Table 3,21-29 (values); 30 (footnote key); 29 (MCL row)
MW-7,nitrate_as_n,per_well_all_dates,2.5,5/17/2012,8.7,5/2/2016,,,20,0,20,mg/L,10.0,MCL (health-based),0.87,06A2542ct_TO97_GW Rpt_final.20230308.pdf,Table 4,31-39 (values); 39 (MCL row)
MW-8,arsenic,per_well_all_dates,2.5,9/5/2013,4.2,1/23/2013,5.0,3/12/2012,16,2,14,ug/L,10.0,MCL,0.42,06A2542ct_TO97_GW Rpt_final.20230308.pdf,Table 3,21-29 (values); 30 (footnote key); 29 (MCL row)
MW-8,barium,per_well_all_dates,39.0,3/12/2012,130.0,4/11/2018,,,16,0,16,ug/L,1000.0,MCL,0.13,06A2542ct_TO97_GW Rpt_final.20230308.pdf,Table 3,21-29 (values); 30 (footnote key); 29 (MCL row)
MW-8,lead,per_well_all_dates,0.76,4/11/2018,0.76,4/11/2018,5.0,3/12/2012,16,15,1,ug/L,15.0,Regulatory Action Level (California Department of Public Health; NOT an MCL per Table 3 footnote 3),0.051,06A2542ct_TO97_GW Rpt_final.20230308.pdf,Table 3,21-29 (values); 30 (footnote key); 29 (MCL row)
MW-8,manganese,per_well_all_dates,1.0,10/4/2006,410.0,4/11/2018,50.0,3/12/2012,16,8,8,ug/L,50.0,Secondary MCL,8.2,06A2542ct_TO97_GW Rpt_final.20230308.pdf,Table 3,21-29 (values); 30 (footnote key); 29 (MCL row)
MW-8,strontium,per_well_all_dates,180.0,3/12/2012,450.0,11/29/2012,,,14,0,14,ug/L,4000.0,EPA Drinking Water Health Advisory (footnote 4; NOT an MCL),0.113,06A2542ct_TO97_GW Rpt_final.20230308.pdf,Table 3,21-29 (values); 30 (footnote key); 29 (MCL row)
MW-8,nitrate_as_n,per_well_all_dates,3.6,1/23/2013,11.0,11/29/2012,,,16,0,16,mg/L,10.0,MCL (health-based),1.1,06A2542ct_TO97_GW Rpt_final.20230308.pdf,Table 4,31-39 (values); 39 (MCL row)
MW-9,arsenic,per_well_all_dates,1.8,6/4/2014,3.3,2/26/2014,,,12,0,12,ug/L,10.0,MCL,0.33,06A2542ct_TO97_GW Rpt_final.20230308.pdf,Table 3,21-29 (values); 30 (footnote key); 29 (MCL row)
MW-9,barium,per_well_all_dates,51.0,7/17/2012,180.0,2/28/2020,,,13,0,13,ug/L,1000.0,MCL,0.18,06A2542ct_TO97_GW Rpt_final.20230308.pdf,Table 3,21-29 (values); 30 (footnote key); 29 (MCL row)
MW-9,lead,per_well_all_dates,,,,,1.0,6/20/2012,12,12,0,ug/L,15.0,Regulatory Action Level (California Department of Public Health; NOT an MCL per Table 3 footnote 3),,06A2542ct_TO97_GW Rpt_final.20230308.pdf,Table 3,21-29 (values); 30 (footnote key); 29 (MCL row)
MW-9,manganese,per_well_all_dates,3.0,4/11/2018,73.0,9/19/2012,20.0,1/22/2013,12,8,4,ug/L,50.0,Secondary MCL,1.46,06A2542ct_TO97_GW Rpt_final.20230308.pdf,Table 3,21-29 (values); 30 (footnote key); 29 (MCL row)
MW-9,strontium,per_well_all_dates,690.0,9/5/2013,1100.0,2/28/2020,,,13,0,13,ug/L,4000.0,EPA Drinking Water Health Advisory (footnote 4; NOT an MCL),0.275,06A2542ct_TO97_GW Rpt_final.20230308.pdf,Table 3,21-29 (values); 30 (footnote key); 29 (MCL row)
MW-9,nitrate_as_n,per_well_all_dates,7.0,9/5/2013,13.0,6/20/2012,,,12,0,12,mg/L,10.0,MCL (health-based),1.3,06A2542ct_TO97_GW Rpt_final.20230308.pdf,Table 4,31-39 (values); 39 (MCL row)
ALL_WELLS,arsenic,overall_2006_2023,1.1,6/4/2014,9.9,10/4/2006,5.0,3/12/2012,165,18,147,ug/L,10.0,MCL,0.99,06A2542ct_TO97_GW Rpt_final.20230308.pdf,Table 3,21-29 (values); 30 (footnote key); 29 (MCL row)
ALL_WELLS,barium,overall_2006_2023,33.0,4/12/2017,410.0,10/5/2006,,,170,0,170,ug/L,1000.0,MCL,0.41,06A2542ct_TO97_GW Rpt_final.20230308.pdf,Table 3,21-29 (values); 30 (footnote key); 29 (MCL row)
ALL_WELLS,lead,overall_2006_2023,0.32,4/12/2018,3.4,6/14/2006,6.3,4/12/2018,165,157,8,ug/L,15.0,Regulatory Action Level (California Department of Public Health; NOT an MCL per Table 3 footnote 3),0.227,06A2542ct_TO97_GW Rpt_final.20230308.pdf,Table 3,21-29 (values); 30 (footnote key); 29 (MCL row)
ALL_WELLS,manganese,overall_2006_2023,1.0,10/4/2006,410.0,4/11/2018,50.0,3/12/2012,165,101,64,ug/L,50.0,Secondary MCL,8.2,06A2542ct_TO97_GW Rpt_final.20230308.pdf,Table 3,21-29 (values); 30 (footnote key); 29 (MCL row)
ALL_WELLS,strontium,overall_2006_2023,180.0,3/12/2012,1400.0,4/12/2018,,,154,0,154,ug/L,4000.0,EPA Drinking Water Health Advisory (footnote 4; NOT an MCL),0.35,06A2542ct_TO97_GW Rpt_final.20230308.pdf,Table 3,21-29 (values); 30 (footnote key); 29 (MCL row)
ALL_WELLS,nitrate_as_n,overall_2006_2023,2.1,4/12/2018,40.0,4/9/2019,,,165,0,165,mg/L,10.0,MCL (health-based),4.0,06A2542ct_TO97_GW Rpt_final.20230308.pdf,Table 4,31-39 (values); 39 (MCL row)
ALL_WELLS,arsenic,overall_2012_2019,1.1,6/4/2014,6.6,7/16/2012,5.0,3/12/2012,149,18,131,ug/L,10.0,MCL,0.66,06A2542ct_TO97_GW Rpt_final.20230308.pdf,Table 3,21-29 (values); 30 (footnote key); 29 (MCL row)
ALL_WELLS,barium,overall_2012_2019,33.0,4/12/2017,370.0,4/9/2019,,,149,0,149,ug/L,1000.0,MCL,0.37,06A2542ct_TO97_GW Rpt_final.20230308.pdf,Table 3,21-29 (values); 30 (footnote key); 29 (MCL row)
ALL_WELLS,lead,overall_2012_2019,0.32,4/12/2018,2.5,3/18/2013,6.3,4/12/2018,149,143,6,ug/L,15.0,Regulatory Action Level (California Department of Public Health; NOT an MCL per Table 3 footnote 3),0.167,06A2542ct_TO97_GW Rpt_final.20230308.pdf,Table 3,21-29 (values); 30 (footnote key); 29 (MCL row)
ALL_WELLS,manganese,overall_2012_2019,1.3,4/12/2017,410.0,4/11/2018,50.0,3/12/2012,149,100,49,ug/L,50.0,Secondary MCL,8.2,06A2542ct_TO97_GW Rpt_final.20230308.pdf,Table 3,21-29 (values); 30 (footnote key); 29 (MCL row)
ALL_WELLS,strontium,overall_2012_2019,180.0,3/12/2012,1400.0,4/12/2018,,,149,0,149,ug/L,4000.0,EPA Drinking Water Health Advisory (footnote 4; NOT an MCL),0.35,06A2542ct_TO97_GW Rpt_final.20230308.pdf,Table 3,21-29 (values); 30 (footnote key); 29 (MCL row)
ALL_WELLS,nitrate_as_n,overall_2012_2019,2.1,4/12/2018,40.0,4/9/2019,,,149,0,149,mg/L,10.0,MCL (health-based),4.0,06A2542ct_TO97_GW Rpt_final.20230308.pdf,Table 4,31-39 (values); 39 (MCL row)
