sample_id,sample_date,source_document,page,row_annotation,antimony,arsenic,barium,beryllium,cadmium,chromium,cobalt,copper,lead,manganese,molybdenum,nickel,selenium,silver,thallium,vanadium,zinc,strontium,mercury,calcium,magnesium,potassium,sodium
PL1,4/4/2013,06A2542ct_to97_SurfaceWaterLetter_final.20230328.pdf,19,,1.0,<1.0,12,<0.50,<0.50,0.55,<0.50,8.9,<1.0,<10,2.6,2.5,<0.50,<0.50,<0.50,2.0,<10,44,<0.20,‐‐‐,‐‐‐,‐‐‐,‐‐‐
PL1,1/30/2014,06A2542ct_to97_SurfaceWaterLetter_final.20230328.pdf,19,,0.98,1.2,25,<0.50,<0.50,0.97,0.75,23,<1.0,73,6.0,5.8,<0.50,<0.50,<0.50,4.9,37,100,<0.20,14,1.9,3.4,5.5
PL1,2/6/2014,06A2542ct_to97_SurfaceWaterLetter_final.20230328.pdf,19,,1.5,1.0,35,<0.50,<0.50,0.75,0.59,17,<1.0,<10,6.2,5.5,<0.50,<0.50,<0.50,3.4,<10,210,<0.20,28,3.3,3.6,6.6
PL1,2/28/2014,06A2542ct_to97_SurfaceWaterLetter_final.20230328.pdf,19,,0.53,1.1,10,<0.50,<0.50,0.70,<0.50,5.6,<1.0,<10,1.9,3.2,<0.50,<0.50,<0.50,2.8,<10,55,<0.20,8.9,0.94,1.6,2.0
PL1,12/2/2014,06A2542ct_to97_SurfaceWaterLetter_final.20230328.pdf,19,,<0.5,<1.0,16,<0.50,<0.50,1.1,<0.50,3.0,<1.0,32,1.2,1.5,<0.50,<0.50,<0.50,3.7,43,55,<0.20,7.3,1.2,1.7,3.5
PL1,12/12/2014,06A2542ct_to97_SurfaceWaterLetter_final.20230328.pdf,19,,0.82,<1.0,16,<0.50,<0.50,0.68,<0.50,2.2,<1.0,<10,0.68,<1.0,<0.50,<0.50,<0.50,1.2,96,53,<0.20,7.1,1.0,1.5,1.8
PL1,12/11/2015,06A2542ct_to97_SurfaceWaterLetter_final.20230328.pdf,19,,1.2,<1.0,20,<5.0,<0.50,1.2,0.58,11,<1.0,36,3.8,4.0,<0.50,<0.50,<0.50,3.7,24,110,<0.20,16,2.0,3.0,5.0
PL1,1/6/2016,06A2542ct_to97_SurfaceWaterLetter_final.20230328.pdf,19,,0.73,<1.0,31,<0.50,<0.50,0.52,<0.50,3.4,<1.0,<10,0.78,1.2,<0.50,<0.50,<0.50,<1.0,100,64,<0.20,8.5,1.3,3.5,1.2
PL1,3/5/2016,06A2542ct_to97_SurfaceWaterLetter_final.20230328.pdf,19,,1.8,<1.0,24,<0.50,<0.50,1.1,<0.50,13,<1.0,<10,3.8,3.7,<0.50,<0.50,<0.50,5.1,<10,120,<0.20,19,1.6,1.8,2.6
PL1,10/28/2016,06A2542ct_to97_SurfaceWaterLetter_final.20230328.pdf,19,,0.76,<0.40J,7.8J,<0.83J,<0.03J,<3.7J,<0.40J,7.2J,<1.0J,<13J,1.7,2.3J,<0.13J,<0.03J,<0.88J,<7.2J,28,12,<0.13J,1.7,0.2,0.5,0.5
PL1,12/15/2016,06A2542ct_to97_SurfaceWaterLetter_final.20230328.pdf,19,,1.5,1.2,31,<0.50,<0.50,1.4,<0.50,15,<1.0,14,7.4,4.3,<0.50,<0.50,<0.50,6.5,<10,180,<0.20,30,3.5,4.3,10
PL1,3/24/2017,06A2542ct_to97_SurfaceWaterLetter_final.20230328.pdf,19,,2.4,1.4,63,<0.08J,<0.03J,0.81,0.42J,19,0.14J,<65J,6.3,5.0,<0.13J,<0.03J,<0.09J,3.9,9.1J,190,<0.13J,35,2.4J,2.1J,3.9
PL1,1/8/2018,06A2542ct_to97_SurfaceWaterLetter_final.20230328.pdf,19,,0.71,<1.0,18,<0.50,<0.50,0.66,<0.50,8.4,1.3,17,1.9,2.4,<0.50,<0.50,<0.50,3.9,60,80,<0.20,12,1.7,4.0,3.0
PL1,3/22/2018,06A2542ct_to97_SurfaceWaterLetter_final.20230328.pdf,19,,2.1J,<2.0J,73,<1.6J,<0.72J,1.5J,0.38J,15,<1.6J,22J,3.7,3.3J,<1.1J,<0.38J,<0.69J,8.2,73,140,<0.05J,18,2.5,5.6,3.5
PL1,12/4/2019,06A2542ct_to97_SurfaceWaterLetter_final.20230328.pdf,19,,1.7,1.2,87,<0.19,<0.17,5.6,1.2,22,4.8,‐‐‐,3.1,4.0,<0.22,<0.36,<0.20,3.3,78,54,<0.05,‐‐‐,‐‐‐,‐‐‐,‐‐‐
PL1,3/17/2020,06A2542ct_to97_SurfaceWaterLetter_final.20230328.pdf,19,,1.1,1.6,"1,600",<0.19,0.68,4.8,1.0,14,5.8,‐‐‐,1.9,4.3,<0.22,<0.36,<0.20,9.5,110,170,0.27,‐‐‐,‐‐‐,‐‐‐,‐‐‐
PL1,12/17/2020,06A2542ct_to97_SurfaceWaterLetter_final.20230328.pdf,19,No Sample - Dry,,,,,,,,,,,,,,,,,,,,,,,
PL1,2/28/2023,06A2542ct_to97_SurfaceWaterLetter_final.20230328.pdf,19,Removed From Network,,,,,,,,,,,,,,,,,,,,,,,
PL2,4/4/2013,06A2542ct_to97_SurfaceWaterLetter_final.20230328.pdf,19,,1.2,<1.0,39,<0.50,<0.50,2.5,<0.50,12,2.7,22,2.7,2.1,<0.50,<0.50,<0.50,2.7,27,38,<0.20,‐‐‐,‐‐‐,‐‐‐,‐‐‐
PL2,1/30/2014,06A2542ct_to97_SurfaceWaterLetter_final.20230328.pdf,19,No Sample - Dry,,,,,,,,,,,,,,,,,,,,,,,
PL2,2/6/2014,06A2542ct_to97_SurfaceWaterLetter_final.20230328.pdf,19,,3.5,<1.0,41,<0.50,<0.50,3.0,0.88,29,1.2,78,9.5,6.2,<0.50,<0.50,<0.50,3.1,42,90,<0.20,7.7,1.6,5.6,3.1
PL2,2/28/2014,06A2542ct_to97_SurfaceWaterLetter_final.20230328.pdf,19,,2.5,<1.0,35,<0.50,<0.50,6.5,<0.50,15,1.1,23,3.8,4.6,<0.50,<0.50,<0.50,1.8,27,63,<0.20,6.0,1.0,2.2,1.7
PL2,12/2/2014,06A2542ct_to97_SurfaceWaterLetter_final.20230328.pdf,19,,0.53,<1.0,24,<0.50,<0.50,1.7,0.53,5.8,2.0,36,0.94,1.9,<0.50,<0.50,<0.50,2.6,14,41,<0.20,4.4,0.89,1.3,0.64
PL2,12/12/2014,06A2542ct_to97_SurfaceWaterLetter_final.20230328.pdf,19,,<0.5,1.4,50,<0.50,<0.50,1.8,0.52,6.5,3.5,27,0.97,1.8,<0.50,<0.50,<0.50,5.0,21,120,<0.20,12,2.1,1.6,1.4
PL2,12/11/2015,06A2542ct_to97_SurfaceWaterLetter_final.20230328.pdf,19,,1.3,<1.0,20,<5.0,<0.50,1.1,0.56,10,<1.0,52,2.8,3.0,<0.50,<0.50,<0.50,2.2,28,83,<0.20,8.1,1.8,3.2,3.6
PL2,1/6/2016,06A2542ct_to97_SurfaceWaterLetter_final.20230328.pdf,19,,<0.50,<1.0,19,<0.50,<0.50,0.73,<0.50,3.4,<1.0,<10,0.66,<1.0,<0.50,<0.50,<0.50,1.6,<10,58,<0.20,7.5,1.0,1.6,1.8
PL2,3/5/2016,06A2542ct_to97_SurfaceWaterLetter_final.20230328.pdf,19,,2.4,1.1,35,<0.50,<0.50,0.94,<0.50,11,<1.0,60,4.3,2.9,<0.50,<0.50,<0.50,3.0,16,120,<0.20,12,1.8,2.1,1.9
PL2,10/28/2016,06A2542ct_to97_SurfaceWaterLetter_final.20230328.pdf,19,,0.5,<0.40J,19,<0.83J,0.04J,<3.7J,0.54J,10,<1.0J,29J,1.4,2.3J,<0.13J,<0.03J,<0.88J,<7.2J,28,35,<0.13J,3.1,0.93,8.4,4.6
PL2,12/15/2016,06A2542ct_to97_SurfaceWaterLetter_final.20230328.pdf,19,,1.5,<1.0,20,<0.50,<0.50,1.1,<0.50,11,<1.0,32,2.5,2.2,<0.50,<0.50,<0.50,2.6,32,48,<0.20,5.2,1.0,3.0,1.1
PL2,3/24/2017,06A2542ct_to97_SurfaceWaterLetter_final.20230328.pdf,19,,1.4,2.7,89,<0.08J,<0.03J,0.48J,0.79,7.1,0.11J,79J,7.0,4.5,0.17J,<0.03J,<0.09J,13,<2.7J,290,<0.13J,24,5.9,2.6,4.9
PL2,1/8/2018,06A2542ct_to97_SurfaceWaterLetter_final.20230328.pdf,19,,1.4,<1.0,25,<0.50,<0.50,0.77,0.51,12,<1.0,38,2.6,2.5,<0.50,<0.50,<0.50,2.3,57,53,<0.20,5.5,1.2,3.7,1.7
PL2,3/22/2018,06A2542ct_to97_SurfaceWaterLetter_final.20230328.pdf,19,,1.8J,6.4,59,<0.40J,<0.72J,1.3J,1.0J,8.6,2.3J,130,4.2,4.1J,<1.1J,<0.38J,<0.69J,14,260,190,<0.05J,15,4.1,6.8,4.8
PL2,12/4/2019,06A2542ct_to97_SurfaceWaterLetter_final.20230328.pdf,19,,1.3,<0.98,30,<0.19,<0.17,0.82,0.34J,11,1.3,‐‐‐,1.6,2.7,<0.22,<0.36,<0.20,1.4,43,43,<0.05,‐‐‐,‐‐‐,‐‐‐,‐‐‐
PL2,3/17/2020,06A2542ct_to97_SurfaceWaterLetter_final.20230328.pdf,19,No Sample - Dry,,,,,,,,,,,,,,,,,,,,,,,
PL2,12/17/2020,06A2542ct_to97_SurfaceWaterLetter_final.20230328.pdf,19,No Sample - Dry,,,,,,,,,,,,,,,,,,,,,,,
PL2,2/28/2023,06A2542ct_to97_SurfaceWaterLetter_final.20230328.pdf,19,Removed From Network,,,,,,,,,,,,,,,,,,,,,,,
PL3,4/4/2013,06A2542ct_to97_SurfaceWaterLetter_final.20230328.pdf,20,,0.55,1.3,110,<0.50,<0.50,1.1,0.68,19,15,46,3.0,4.4,<0.50,<0.50,<0.50,3.3,33,220,<0.20,‐‐‐,‐‐‐,‐‐‐,‐‐‐
PL3,1/30/2014,06A2542ct_to97_SurfaceWaterLetter_final.20230328.pdf,20,,0.70,1.9,140,<0.50,<0.50,1.6,2.2,32,2.3,190,4.1,10,<0.50,<0.50,<0.50,10,84,190,<0.20,18,3.9,17,6.4
PL3,2/6/2014,06A2542ct_to97_SurfaceWaterLetter_final.20230328.pdf,20,,0.51,1.2,96,<0.50,<0.50,1.1,0.93,21,<1.0,71,2.3,4.7,<0.50,<0.50,<0.50,7.4,29,150,<0.20,12,2.7,8.6,2.5
PL3,2/28/2014,06A2542ct_to97_SurfaceWaterLetter_final.20230328.pdf,20,,<0.50,<1.0,93,<0.50,<0.50,0.86,<0.50,8.0,<1.0,12,0.92,4.0,<0.50,<0.50,<0.50,3.8,11,77,<0.20,6.2,1.3,3.2,1.2
PL3,12/2/2014,06A2542ct_to97_SurfaceWaterLetter_final.20230328.pdf,20,,<0.50,<1.0,37,<0.50,<0.50,0.68,<0.50,2.0,<1.0,<10,<0.5,<1.0,<0.50,<0.50,<0.50,2.5,<10,46,<0.20,3.1,0.51,2.6,0.63
PL3,12/12/2014,06A2542ct_to97_SurfaceWaterLetter_final.20230328.pdf,20,,<0.50,<1.0,53,<0.50,<0.50,0.53,<0.50,2.4,<1.0,18,<0.5,<1.0,<0.50,<0.50,<0.50,1.8,<10,70,<0.20,4.3,0.91,3.1,0.34
PL3,12/11/2015,06A2542ct_to97_SurfaceWaterLetter_final.20230328.pdf,20,,0.74,1.2,190,<0.50,<0.50,1.7,3.0,18,<1.0,290,0.94,3.9,<0.50,<0.50,<0.50,6.4,60,390,<0.20,26,6.4,38,4.9
PL3,1/6/2016,06A2542ct_to97_SurfaceWaterLetter_final.20230328.pdf,20,,<0.50,<1.0,100,<0.50,<0.50,1.0,<0.50,3.8,1.7,27,<0.50,1.8,<0.50,<0.50,<0.50,2.0,15,56,<0.20,4.8,2.5,5.1,0.94
PL3,3/5/2016,06A2542ct_to97_SurfaceWaterLetter_final.20230328.pdf,20,,0.66,<1.0,210,<0.50,<0.50,0.71,<0.50,9.4,<1.0,<10,0.88,2.3,<0.50,<0.50,<0.50,7.0,<10,300,<0.20,20,2.6,8.3,2.1
PL3,10/28/2016,06A2542ct_to97_SurfaceWaterLetter_final.20230328.pdf,20,,0.38J,0.42J,91,<0.83J,0.04J,<3.7J,0.76J,21,9.2J,50J,0.66,3.0J,<0.13J,<0.03J,<0.88J,<7.2J,34,59,<0.13J,4.6,1.3,5.4,0.68
PL3,12/15/2016,06A2542ct_to97_SurfaceWaterLetter_final.20230328.pdf,20,,<0.50,1.3,170,<0.50,<0.50,2.6,1.7,22,3.0,220,1.2,4.8,<0.50,<0.50,<0.50,4.5,54,300,<0.20,20,7.7,47,2.6
PL3,3/24/2017,06A2542ct_to97_SurfaceWaterLetter_final.20230328.pdf,20,,0.54,0.89J,130,<0.08J,<0.03J,0.41J,0.32J,6.5,0.24J,<65J,0.81,1.5,<0.13J,<0.03J,<0.09J,4.4,6.0J,160,<0.13J,11,1.4J,5.7,0.8J
PL3,1/8/2018,06A2542ct_to97_SurfaceWaterLetter_final.20230328.pdf,20,,0.84,<1.0,200,<0.50,<0.50,0.56,0.58,10,11,33,<0.50,1.9,<0.50,<0.50,<0.50,6.7,48,130,<0.20,8.6,1.5,5.7,1.4
PL3,3/22/2018,06A2542ct_to97_SurfaceWaterLetter_final.20230328.pdf,20,,1.8J,<2.0J,770,<0.40J,<0.72J,2.7,3.2,18,46,370,0.81J,5.6,<1.1J,<0.38J,<0.69J,19,70,360,<0.05J,24,3.7,10,2.8
PL3,12/4/2019,06A2542ct_to97_SurfaceWaterLetter_final.20230328.pdf,20,,<0.36,<0.98,32,<0.19,<0.17,0.31J,<0.14,3.5,<0.72,‐‐‐,<0.35,<0.65,<0.22,<0.36,<0.20,2.1,9.1J,35,<0.05,‐‐‐,‐‐‐,‐‐‐,‐‐‐
PL3,3/17/2020,06A2542ct_to97_SurfaceWaterLetter_final.20230328.pdf,20,,0.41J,<0.98,110,<0.19,<0.17,0.51,<0.14,6.7,<0.72,‐‐‐,<0.35,1.2,<0.22,<0.36,<0.20,2.5,88,97,0.26,‐‐‐,‐‐‐,‐‐‐,‐‐‐
PL3,12/17/2020,06A2542ct_to97_SurfaceWaterLetter_final.20230328.pdf,20,No Sample - Dry,,,,,,,,,,,,,,,,,,,,,,,
PL3,2/28/2023,06A2542ct_to97_SurfaceWaterLetter_final.20230328.pdf,20,Removed From Network,,,,,,,,,,,,,,,,,,,,,,,
PL4,4/4/2013,06A2542ct_to97_SurfaceWaterLetter_final.20230328.pdf,20,,1.2,1.3,45,<0.50,<0.50,7.8,1.2,16,<1.0,<10,3.4,4.8,<0.50,<0.50,<0.50,7.0,11,320,<0.20,‐‐‐,‐‐‐,‐‐‐,‐‐‐
PL4,1/30/2014,06A2542ct_to97_SurfaceWaterLetter_final.20230328.pdf,20,,1.3,1.1,25,<0.50,<0.50,2.0,1.0,16,<1.0,38,6.4,5.5,<0.50,<0.50,<0.50,5.7,53,110,<0.20,9.8,0.89,4.5,7.8
PL4,2/6/2014,06A2542ct_to97_SurfaceWaterLetter_final.20230328.pdf,20,,1.2,<1.0,42,<0.50,<0.50,2.4,1.5,5.9,<1.0,110,7.1,6.6,<0.50,<0.50,<0.50,5.8,26,180,<0.20,18,1.7,5.5,10
PL4,2/28/2014,06A2542ct_to97_SurfaceWaterLetter_final.20230328.pdf,20,,0.64,1.1,26,<0.50,<0.50,1.2,<0.50,6.2,<1.0,13,1.6,2.5,<0.50,<0.50,<0.50,2.0,26,75,<0.20,5.0,0.61,2.5,2.2
PL4,12/2/2014,06A2542ct_to97_SurfaceWaterLetter_final.20230328.pdf,20,,1.1,<1.0,56,<0.50,<0.50,1.5,0.52,9.4,1.1,33,2.4,2.2,<0.50,<0.50,<0.50,1.9,37,100,<0.20,6.0,0.69,2.1,2.7
PL4,12/12/2014,06A2542ct_to97_SurfaceWaterLetter_final.20230328.pdf,20,,<0.50,<1.0,87,<0.50,<0.50,1.0,<0.50,4.3,<1.0,<10,1.5,<1.0,<0.50,<0.50,<0.50,1.0,25,85,<0.20,4.8,0.55,1.5,1.4
PL4,12/11/2015,06A2542ct_to97_SurfaceWaterLetter_final.20230328.pdf,20,,1.9,<1.0,79,<25,<0.50,1.4,1.1,8.9,1.0,110,7.4,5.1,<0.50,<0.50,<0.50,2.0,51,310,<0.20,16,1.7,6.1,10
PL4,1/6/2016,06A2542ct_to97_SurfaceWaterLetter_final.20230328.pdf,20,,0.65,<1.0,80,<0.50,<0.50,1.2,<0.50,5.3,<1.0,12,1.4,1.2,<0.50,<0.50,<0.50,<1.0,23,120,<0.20,4.5,0.64,1.7,2.0
PL4,3/5/2016,06A2542ct_to97_SurfaceWaterLetter_final.20230328.pdf,20,,1.3,<1.0,59,<0.50,<0.50,1.3,<0.50,8.6,<1.0,10,2.4,1.9,<0.50,<0.50,<0.50,2.4,43,140,<0.20,8.1,0.66,2.0,3.6
PL4,10/28/2016,06A2542ct_to97_SurfaceWaterLetter_final.20230328.pdf,20,,0.64,<0.40J,48,<0.83J,0.04J,<3.7J,<0.40J,8.5J,<1.0J,14J,2.2,1.2J,<0.13J,<0.03J,<0.88J,<7.2J,32,90,<0.13J,3.5,0.59,3.2,1.4
PL4,12/15/2016,06A2542ct_to97_SurfaceWaterLetter_final.20230328.pdf,20,,1.6,<1.0,66,<0.50,<0.50,0.64,<0.50,7.2,<1.0,53,3.9,2.4,<0.50,<0.50,<0.50,2.8,37,330,<0.20,11,0.89,2.9,4.0
PL4,3/24/2017,06A2542ct_to97_SurfaceWaterLetter_final.20230328.pdf,20,,1.5,1.4,160,<0.08J,0.09J,0.82,1.2,12,<1.0J,110J,4.9,4.2,<0.13J,<0.03J,<0.88J,0.90J,130,460,<0.13J,13,1.2J,2.8,2.5J
PL4,1/8/2018,06A2542ct_to97_SurfaceWaterLetter_final.20230328.pdf,20,,2.8,1.2,130,<0.50,<0.50,1.7,0.73,24,5.1,35,5.3,3.8,<0.50,<0.50,<0.50,3.9,160,210,<0.20,9.6,1.5,4.9,6.3
PL4,3/22/2018,06A2542ct_to97_SurfaceWaterLetter_final.20230328.pdf,20,,2.2J,<2.0J,78,<0.40J,<0.72J,1.8J,0.53J,10,<1.6J,54,4.1,2.4J,<1.1J,<0.38J,<0.69J,5.3,64,220,<0.05J,10,1.2,3.6,5.8
PL4,12/4/2019,06A2542ct_to97_SurfaceWaterLetter_final.20230328.pdf,20,,1.2,1.7,54,<0.19,<0.17,1.2,0.28J,9.8,0.83J,‐‐‐,2.8,1.8,<0.22,<0.36,<0.20,1.8,48,100,<0.05,‐‐‐,‐‐‐,‐‐‐,‐‐‐
PL4,3/17/2020,06A2542ct_to97_SurfaceWaterLetter_final.20230328.pdf,20,,2.2,<0.98,160,<0.19,<0.17,1.9,0.31J,14,2.0,‐‐‐,3.6,2.5,<0.22,<0.36,<0.20,2.5,170,200,0.24,‐‐‐,‐‐‐,‐‐‐,‐‐‐
PL4,12/17/2020,06A2542ct_to97_SurfaceWaterLetter_final.20230328.pdf,20,No Sample - Dry,,,,,,,,,,,,,,,,,,,,,,,
PL4,2/28/2023,06A2542ct_to97_SurfaceWaterLetter_final.20230328.pdf,20,Removed From Network,,,,,,,,,,,,,,,,,,,,,,,
PL5,12/12/2014,06A2542ct_to97_SurfaceWaterLetter_final.20230328.pdf,21,,0.74,<1.0,110,<0.50,<0.50,1.5,<0.50,6.3,<1.0,11,1.5,1.1,<0.50,<0.50,<0.50,1.1,22,75,<0.20,4.3,0.56,1.9,1.4
RWQCB,12/12/2014,06A2542ct_to97_SurfaceWaterLetter_final.20230328.pdf,21,,<10,<10,155,<5.0,<5.0,<5.0,<5.0,9.8,<5.0,---,<5.0,<5.0,<20,<5.0,<20,<5.0,30.3,81.6,<0.20,---,---,---,---
PL5,12/11/2015,06A2542ct_to97_SurfaceWaterLetter_final.20230328.pdf,21,No Sample - Dry,,,,,,,,,,,,,,,,,,,,,,,
PL5,1/6/2016,06A2542ct_to97_SurfaceWaterLetter_final.20230328.pdf,21,,0.88,<1.0,64,<0.50,<0.50,1.2,<0.50,6.7,<1.0,11,2.0,1.8,<0.50,<0.50,<0.50,<1.0,28,100,<0.20,5.4,0.66,1.6,2.9
PL5,3/5/2016,06A2542ct_to97_SurfaceWaterLetter_final.20230328.pdf,21,,1.5,<1.0,65,<0.50,<0.50,1.2,<0.50,10,<1.0,<10,3.0,2.4,<0.50,<0.50,<0.50,2.2,34,150,<0.20,7.4,0.74,3.0,3.9
PL5,10/28/2016,06A2542ct_to97_SurfaceWaterLetter_final.20230328.pdf,21,,1.7,0.46J,58,<0.83J,0.10J,<3.7J,0.72J,15,1.8J,40J,4.4,3.8J,0.15J,<0.03J,<0.88J,<7.2J,66,160,<0.13J,6.1,0.94,4.2,2.7
PL5,12/15/2016,06A2542ct_to97_SurfaceWaterLetter_final.20230328.pdf,21,No Sample - Dry,,,,,,,,,,,,,,,,,,,,,,,
PL5,3/24/2017,06A2542ct_to97_SurfaceWaterLetter_final.20230328.pdf,21,,1.2,<0.40J,70,<0.08J,0.05J,1.0,0.08J,8.4,0.20J,<65J,2.0,1.2,<1.3J,<0.03J,<0.09J,1.5,30,170,<0.13J,6.1,0.57J,2.5J,2.2J
PL5,1/8/2018,06A2542ct_to97_SurfaceWaterLetter_final.20230328.pdf,21,No Sample - Dry,,,,,,,,,,,,,,,,,,,,,,,
PL5,3/22/2018,06A2542ct_to97_SurfaceWaterLetter_final.20230328.pdf,21,No Sample - Dry,,,,,,,,,,,,,,,,,,,,,,,
PL5,12/4/2019,06A2542ct_to97_SurfaceWaterLetter_final.20230328.pdf,21,,1.4,1.6,72,<0.19,<0.17,1.7,0.46J,12,1.9,‐‐‐,3.2,2.2,<0.22,<0.36,<0.20,2.3,58,110,<0.05,‐‐‐,‐‐‐,‐‐‐,‐‐‐
PL5,3/17/2020,06A2542ct_to97_SurfaceWaterLetter_final.20230328.pdf,21,,1.7,<0.98,100,<0.19,<0.17,1.7,0.22J,12,1.3,‐‐‐,3.0,1.9,<0.22,<0.36,<0.20,2.2,96,140,0.24,‐‐‐,‐‐‐,‐‐‐,‐‐‐
PL5,12/17/2020,06A2542ct_to97_SurfaceWaterLetter_final.20230328.pdf,21,No Sample - Dry,,,,,,,,,,,,,,,,,,,,,,,
PL5,2/28/2023,06A2542ct_to97_SurfaceWaterLetter_final.20230328.pdf,21,Removed From Network,,,,,,,,,,,,,,,,,,,,,,,
PL6,2/28/2023,06A2542ct_to97_SurfaceWaterLetter_final.20230328.pdf,21,No Sample - Dry,,,,,,,,,,,,,,,,,,,,,,,
PL6,3/10/2023,06A2542ct_to97_SurfaceWaterLetter_final.20230328.pdf,21,,<8.8,9.2J,160,<3.0,<11UJ,12J+,<1.6,17J+,<4.7,---,6.6J+,<4.6,<9.3,<2.4,<8.5,25J+,27J+,52J,0.08J,‐‐‐,‐‐‐,‐‐‐,‐‐‐
PL7,2/28/2023,06A2542ct_to97_SurfaceWaterLetter_final.20230328.pdf,21,No Sample - Dry,,,,,,,,,,,,,,,,,,,,,,,
PL7,3/10/2023,06A2542ct_to97_SurfaceWaterLetter_final.20230328.pdf,21,,<8.8,<7.8,300,<1.6,<3.0,<3.0,<1.6,16J+,<4.7,---,6.7J+,<4.6,<9.3,<2.4,<8.5,16J+,130,77J,0.07J,‐‐‐,‐‐‐,‐‐‐,‐‐‐
BG1,4/4/2013,06A2542ct_to97_SurfaceWaterLetter_final.20230328.pdf,21,,<0.50,<1.0,11,<0.50,<0.50,0.84,<0.50,5.9,<1.0,12,0.93,2.7,<0.50,<0.50,<0.50,1.9,16,20,<0.20,‐‐‐,‐‐‐,‐‐‐,‐‐‐
BG1,1/30/2014,06A2542ct_to97_SurfaceWaterLetter_final.20230328.pdf,21,,0.66,<1.0,44,<0.50,<0.50,1.2,0.75,15,<1.0,39,1.7,6.2,<0.50,<0.50,<0.50,4.4,28,90,<0.20,11,2.5,7.5,3.3
BG1,2/6/2014,06A2542ct_to97_SurfaceWaterLetter_final.20230328.pdf,21,,0.56,<1.0,31,<0.50,<0.50,0.92,<0.50,12,<1.0,15,1.2,5.0,<0.50,<0.50,<0.50,4.7,14,68,<0.20,8.1,1.8,4.4,3.2
BG1,2/28/2014,06A2542ct_to97_SurfaceWaterLetter_final.20230328.pdf,21,,<0.50,<1.0,22,<0.50,<0.50,0.91,<0.50,7.4,<1.0,<10,0.62,4.1,<0.50,<0.50,<0.50,2.8,13,38,<0.20,4.7,0.91,1.7,2.1
BG1,12/2/2014,06A2542ct_to97_SurfaceWaterLetter_final.20230328.pdf,21,,<0.50,<1.0,13,<0.50,<0.50,0.91,<0.50,5.8,<1.0,<10,0.58,<1.0,<0.50,<0.50,<0.50,1.9,<10,25,<0.20,2.7,0.55,1.9,0.98
BG1,12/12/2014,06A2542ct_to97_SurfaceWaterLetter_final.20230328.pdf,21,,<0.50,<1.0,13,<0.50,<0.50,0.74,<0.50,3.0,<1.0,<10,<0.50,1.1,<0.50,<0.50,<0.50,1.1,<10,20,<0.20,2.2,0.42,1.2,0.58
BG1,12/11/2015,06A2542ct_to97_SurfaceWaterLetter_final.20230328.pdf,21,No Sample - Dry,,,,,,,,,,,,,,,,,,,,,,,
BG1,1/6/2016,06A2542ct_to97_SurfaceWaterLetter_final.20230328.pdf,21,,<0.50,<1.0,25,<0.50,<0.50,0.73,<0.50,3.4,<1.0,13,0.50,1.2,<0.50,<0.50,<0.50,1.6,10,36,<0.20,3.8,0.86,1.8,0.76
BG1,3/5/2016,06A2542ct_to97_SurfaceWaterLetter_final.20230328.pdf,21,,0.80,<1.0,53,<0.50,<0.50,1.0,<0.50,10,<1.0,17,0.96,3.1,<0.50,<0.50,<0.50,3.6,22,94,<0.20,9.6,1.4,4.1,2.3
BG1,10/28/2016,06A2542ct_to97_SurfaceWaterLetter_final.20230328.pdf,21,,0.16J,<0.40J,6.5J,<0.83J,<0.03J,<3.7J,<0.40J,2.2J,<1.0J,<13J,0.27J,<1.1J,<0.13J,<0.03J,<0.88J,<7.2J,8.1J,9.3J,<0.13J,0.94,0.22,1.2,0.34
BG1,12/15/2016,06A2542ct_to97_SurfaceWaterLetter_final.20230328.pdf,21,,1.1,<1.0,54,<0.50,<0.50,1.7,1.2,18,1.2,140,1.5,3.1,<0.50,<0.50,<0.50,3.4,54,100,<0.20,10,4.6,16,1.6
BG1,3/24/2017,06A2542ct_to97_SurfaceWaterLetter_final.20230328.pdf,21,No Sample - Dry,,,,,,,,,,,,,,,,,,,,,,,
BG1,1/8/2018,06A2542ct_to97_SurfaceWaterLetter_final.20230328.pdf,21,,0.52,<1.0,31,<0.50,<0.50,0.6,<0.50,5.4,3.2,14,<0.50,1.3,<0.50,<0.50,<0.50,3.2,37,22,<0.20,2.5,0.55,2.3,0.93
BG1,3/22/2018,06A2542ct_to97_SurfaceWaterLetter_final.20230328.pdf,21,,2.3J,4.8J,110,<0.40J,<0.72J,4.9,1.7J,18,7.4,86,3.1,5.8,<1.1J,<0.38J,<0.69J,14,44,430,<0.05J,15,4.9,5.9,4.3
BG1,12/4/2019,06A2542ct_to97_SurfaceWaterLetter_final.20230328.pdf,21,,0.55,1.4,21,<0.19,<0.17,0.55,0.21J,5.7,<0.72,‐‐‐,0.99,1.4,<0.22,<0.36,<0.20,1.0,23,40,<0.05,‐‐‐,‐‐‐,‐‐‐,‐‐‐
BG1,3/17/2020,06A2542ct_to97_SurfaceWaterLetter_final.20230328.pdf,21,,0.65,<0.98,85,<0.19,<0.17,0.71,<0.14,8.9,1.9,‐‐‐,0.87,2.3,<0.22,<0.36,<0.20,3.0,87,79,0.23,‐‐‐,‐‐‐,‐‐‐,‐‐‐
BG1,12/17/2020,06A2542ct_to97_SurfaceWaterLetter_final.20230328.pdf,22,No Sample - Dry,,,,,,,,,,,,,,,,,,,,,,,
BG1,2/28/2023,06A2542ct_to97_SurfaceWaterLetter_final.20230328.pdf,22,No Sample - Dry,,,,,,,,,,,,,,,,,,,,,,,
BG1,3/10/2023,06A2542ct_to97_SurfaceWaterLetter_final.20230328.pdf,22,,<8.8,<7.8,66,<1.6,<3.0,12J+,<1.6,19J+,5.4,---,6.3J+,<4.6,<9.3,<2.4,<8.5,14J+,38J+,53J,0.10J,‐‐‐,‐‐‐,‐‐‐,‐‐‐
BG2,4/4/2013,06A2542ct_to97_SurfaceWaterLetter_final.20230328.pdf,22,,1.2,<1.0,20,<0.50,<0.50,4.8,<0.50,14,1.2,25,3.0,2.6,<0.50,<0.50,<0.50,<1.0,66,24,<0.20,‐‐‐,‐‐‐,‐‐‐,‐‐‐
BG2,1/30/2014,06A2542ct_to97_SurfaceWaterLetter_final.20230328.pdf,22,,3.5,1.1,48,<0.50,<0.50,2.3,0.95,32,<1.0,66,11,6.6,<0.50,<0.50,<0.50,1.4,110,120,<0.20,17,3.1,9.6,7.4
BG2,2/6/2014,06A2542ct_to97_SurfaceWaterLetter_final.20230328.pdf,22,,2.4,<1.0,35,<0.50,<0.50,1.9,0.73,22,<1.0,46,5.3,6.4,<0.50,<0.50,<0.50,2.1,110,87,<0.20,12,2.4,5.9,5.0
BG2,2/28/2014,06A2542ct_to97_SurfaceWaterLetter_final.20230328.pdf,22,,3.4,<1.0,33,<0.50,<0.50,12,<0.50,26,<1.0,18,8.8,6.0,<0.50,<0.50,<0.50,1.2,70,27,<0.20,3.5,0.62,2.3,2.2
BG2,12/2/2014,06A2542ct_to97_SurfaceWaterLetter_final.20230328.pdf,22,,2.4,<1.0,37,<0.50,<0.50,8.3,0.73,23,1.1,53,6.8,5.5,<0.50,<0.50,<0.50,2.2,85,57,<0.20,5.0,1.1,4.0,2.7
BG2,12/12/2014,06A2542ct_to97_SurfaceWaterLetter_final.20230328.pdf,22,,1.3,<1.0,24,<0.50,<0.50,3.0,<0.50,9.4,<1.0,20,2.1,2.0,<0.50,<0.50,<0.50,<1.0,28,37,<0.20,3.6,0.64,1.6,1.2
BG2,12/11/2015,06A2542ct_to97_SurfaceWaterLetter_final.20230328.pdf,22,No Sample - Dry,,,,,,,,,,,,,,,,,,,,,,,
BG2,1/6/2016,06A2542ct_to97_SurfaceWaterLetter_final.20230328.pdf,22,,2.2,<1.0,30,<0.50,<0.50,14,<0.50,15,<1.0,15,6.0,3.4,<0.50,<0.50,<0.50,<1.0,54,42,<0.20,5.3,0.81,2.3,2.5
BG2,3/5/2016,06A2542ct_to97_SurfaceWaterLetter_final.20230328.pdf,22,No Sample - Dry,,,,,,,,,,,,,,,,,,,,,,,
BG2,10/28/2016,06A2542ct_to97_SurfaceWaterLetter_final.20230328.pdf,22,,2.0,<0.40J,30,<0.83J,0.12J,5.5,<0.40J,25,<1.0J,19J,5.5,3.2J,<0.13J,<0.03J,<0.88J,<7.2J,91,23,<0.13J,2.3,0.42,1.9,1.3
BG2,12/15/2016,06A2542ct_to97_SurfaceWaterLetter_final.20230328.pdf,22,,1.2,<1.0,20,<0.50,<0.50,1.0,<0.50,12,<1.0,38,1.7,2.0,<0.50,<0.50,<0.50,2.6,42,38,<0.20,4.3,0.87,3.7,2.3
BG2,3/24/2017,06A2542ct_to97_SurfaceWaterLetter_final.20230328.pdf,22,No Sample - Dry,,,,,,,,,,,,,,,,,,,,,,,
BG2,1/8/2018,06A2542ct_to97_SurfaceWaterLetter_final.20230328.pdf,22,,3.5,<1.0,100,<0.50,<0.50,6.4,1.1,45,13,70,6.4,7.3,<0.50,<0.50,<0.50,4.9,230,43,<0.20,5.9,1.0,3.6,3.6
BG2,3/22/2018,06A2542ct_to97_SurfaceWaterLetter_final.20230328.pdf,22,No Sample - Dry,,,,,,,,,,,,,,,,,,,,,,,
BG2,12/4/2019,06A2542ct_to97_SurfaceWaterLetter_final.20230328.pdf,22,,2.3,1.2,44,<0.19,<0.17,13,0.52,18,0.79J,‐‐‐,8.7,4.1,<0.22,<0.36,<0.20,0.72J,89,41,<0.05,‐‐‐,‐‐‐,‐‐‐,‐‐‐
BG2,3/17/2020,06A2542ct_to97_SurfaceWaterLetter_final.20230328.pdf,22,,10,1.1,"1,700",<0.19,0.26J,9.7,0.98,52,3.9,‐‐‐,9.2,8.1,<0.22,<0.36,<0.20,5.2,190,84,0.25,‐‐‐,‐‐‐,‐‐‐,‐‐‐
BG2,12/17/2020,06A2542ct_to97_SurfaceWaterLetter_final.20230328.pdf,22,No Sample - Dry,,,,,,,,,,,,,,,,,,,,,,,
BG2,2/28/2023,06A2542ct_to97_SurfaceWaterLetter_final.20230328.pdf,22,Removed From Network,,,,,,,,,,,,,,,,,,,,,,,
BG3,2/28/2023,06A2542ct_to97_SurfaceWaterLetter_final.20230328.pdf,22,No Sample - Dry,,,,,,,,,,,,,,,,,,,,,,,
BG3,3/10/2023,06A2542ct_to97_SurfaceWaterLetter_final.20230328.pdf,22,,<8.8,8.0J,17,<1.6,<3.0UJ,<2.0,<1.6,14J+,<4.7,---,13J+,<4.6,12,<2.4,<8.5,13J+,<25,63J,0.06J,‐‐‐,‐‐‐,‐‐‐,‐‐‐
