sample_id,area,boring,depth_interval,analyte,value_raw,unit,value_type,is_nondetect,comment,deeper_than_planned,is_resample,source_table,source_page,source_document
S3 SE BERM,Stockpile 3 Complete Removal,,,barium,69,mg/kg,raw_detection,,,,,Table 1 - BCS Removal Verification Soil Sample Analytical Results,40,S1908-01-01 Caltrans Modesto Stockpile Interim RACR_12.22 (1).pdf
S3 SE BERM,Stockpile 3 Complete Removal,,,lead,3.7,mg/kg,raw_detection,,,,,Table 1 - BCS Removal Verification Soil Sample Analytical Results,40,S1908-01-01 Caltrans Modesto Stockpile Interim RACR_12.22 (1).pdf
S3 SW BERM,Stockpile 3 Complete Removal,,,barium,46,mg/kg,raw_detection,,,,,Table 1 - BCS Removal Verification Soil Sample Analytical Results,40,S1908-01-01 Caltrans Modesto Stockpile Interim RACR_12.22 (1).pdf
S3 SW BERM,Stockpile 3 Complete Removal,,,lead,5.4,mg/kg,raw_detection,,,,,Table 1 - BCS Removal Verification Soil Sample Analytical Results,40,S1908-01-01 Caltrans Modesto Stockpile Interim RACR_12.22 (1).pdf
S3 1-0,Stockpile 3 Complete Removal,,,barium,75,mg/kg,raw_detection,,,,,Table 1 - BCS Removal Verification Soil Sample Analytical Results,40,S1908-01-01 Caltrans Modesto Stockpile Interim RACR_12.22 (1).pdf
S3 1-0,Stockpile 3 Complete Removal,,,lead,2.4,mg/kg,raw_detection,,,,,Table 1 - BCS Removal Verification Soil Sample Analytical Results,40,S1908-01-01 Caltrans Modesto Stockpile Interim RACR_12.22 (1).pdf
S3 2-0,Stockpile 3 Complete Removal,,,barium,64,mg/kg,raw_detection,,,,,Table 1 - BCS Removal Verification Soil Sample Analytical Results,40,S1908-01-01 Caltrans Modesto Stockpile Interim RACR_12.22 (1).pdf
S3 2-0,Stockpile 3 Complete Removal,,,lead,2.1,mg/kg,raw_detection,,,,,Table 1 - BCS Removal Verification Soil Sample Analytical Results,40,S1908-01-01 Caltrans Modesto Stockpile Interim RACR_12.22 (1).pdf
S3 3-0,Stockpile 3 Complete Removal,,,barium,160,mg/kg,raw_detection,,,,,Table 1 - BCS Removal Verification Soil Sample Analytical Results,40,S1908-01-01 Caltrans Modesto Stockpile Interim RACR_12.22 (1).pdf
S3 3-0,Stockpile 3 Complete Removal,,,lead,53,mg/kg,raw_detection,,,,,Table 1 - BCS Removal Verification Soil Sample Analytical Results,40,S1908-01-01 Caltrans Modesto Stockpile Interim RACR_12.22 (1).pdf
S3 4-0,Stockpile 3 Complete Removal,,,barium,240,mg/kg,raw_detection,,,,,Table 1 - BCS Removal Verification Soil Sample Analytical Results,40,S1908-01-01 Caltrans Modesto Stockpile Interim RACR_12.22 (1).pdf
S3 4-0,Stockpile 3 Complete Removal,,,lead,40,mg/kg,raw_detection,,,,,Table 1 - BCS Removal Verification Soil Sample Analytical Results,40,S1908-01-01 Caltrans Modesto Stockpile Interim RACR_12.22 (1).pdf
S3 5-0,Stockpile 3 Complete Removal,,,barium,61,mg/kg,raw_detection,,,,,Table 1 - BCS Removal Verification Soil Sample Analytical Results,40,S1908-01-01 Caltrans Modesto Stockpile Interim RACR_12.22 (1).pdf
S3 5-0,Stockpile 3 Complete Removal,,,lead,1.8,mg/kg,raw_detection,,,,,Table 1 - BCS Removal Verification Soil Sample Analytical Results,40,S1908-01-01 Caltrans Modesto Stockpile Interim RACR_12.22 (1).pdf
S3 6-0,Stockpile 3 Complete Removal,,,barium,240,mg/kg,raw_detection,,,,,Table 1 - BCS Removal Verification Soil Sample Analytical Results,40,S1908-01-01 Caltrans Modesto Stockpile Interim RACR_12.22 (1).pdf
S3 6-0,Stockpile 3 Complete Removal,,,lead,11,mg/kg,raw_detection,,,,,Table 1 - BCS Removal Verification Soil Sample Analytical Results,40,S1908-01-01 Caltrans Modesto Stockpile Interim RACR_12.22 (1).pdf
S3 7-0,Stockpile 3 Complete Removal,,,barium,350,mg/kg,raw_detection,,,,,Table 1 - BCS Removal Verification Soil Sample Analytical Results,40,S1908-01-01 Caltrans Modesto Stockpile Interim RACR_12.22 (1).pdf
S3 7-0,Stockpile 3 Complete Removal,,,lead,3.6,mg/kg,raw_detection,,,,,Table 1 - BCS Removal Verification Soil Sample Analytical Results,40,S1908-01-01 Caltrans Modesto Stockpile Interim RACR_12.22 (1).pdf
S3 8-0,Stockpile 3 Complete Removal,,,barium,290,mg/kg,raw_detection,,,,,Table 1 - BCS Removal Verification Soil Sample Analytical Results,40,S1908-01-01 Caltrans Modesto Stockpile Interim RACR_12.22 (1).pdf
S3 8-0,Stockpile 3 Complete Removal,,,lead,10,mg/kg,raw_detection,,,,,Table 1 - BCS Removal Verification Soil Sample Analytical Results,40,S1908-01-01 Caltrans Modesto Stockpile Interim RACR_12.22 (1).pdf
S3 9-0,Stockpile 3 Complete Removal,,,barium,"7,000",mg/kg,raw_detection,,Area Exacvated,,,Table 1 - BCS Removal Verification Soil Sample Analytical Results,40,S1908-01-01 Caltrans Modesto Stockpile Interim RACR_12.22 (1).pdf
S3 9-0,Stockpile 3 Complete Removal,,,lead,3.6,mg/kg,raw_detection,,Area Exacvated,,,Table 1 - BCS Removal Verification Soil Sample Analytical Results,40,S1908-01-01 Caltrans Modesto Stockpile Interim RACR_12.22 (1).pdf
S3 9A-0,Stockpile 3 Complete Removal,,,barium,160,mg/kg,raw_detection,,,,yes,Table 1 - BCS Removal Verification Soil Sample Analytical Results,40,S1908-01-01 Caltrans Modesto Stockpile Interim RACR_12.22 (1).pdf
S3 9A-0,Stockpile 3 Complete Removal,,,lead,2.2,mg/kg,raw_detection,,,,yes,Table 1 - BCS Removal Verification Soil Sample Analytical Results,40,S1908-01-01 Caltrans Modesto Stockpile Interim RACR_12.22 (1).pdf
S3 10-0,Stockpile 3 Complete Removal,,,barium,"5,100",mg/kg,raw_detection,,Area Excavated,,,Table 1 - BCS Removal Verification Soil Sample Analytical Results,40,S1908-01-01 Caltrans Modesto Stockpile Interim RACR_12.22 (1).pdf
S3 10-0,Stockpile 3 Complete Removal,,,lead,17,mg/kg,raw_detection,,Area Excavated,,,Table 1 - BCS Removal Verification Soil Sample Analytical Results,40,S1908-01-01 Caltrans Modesto Stockpile Interim RACR_12.22 (1).pdf
S3 10A-0,Stockpile 3 Complete Removal,,,barium,160,mg/kg,raw_detection,,,,yes,Table 1 - BCS Removal Verification Soil Sample Analytical Results,40,S1908-01-01 Caltrans Modesto Stockpile Interim RACR_12.22 (1).pdf
S3 10A-0,Stockpile 3 Complete Removal,,,lead,3.7,mg/kg,raw_detection,,,,yes,Table 1 - BCS Removal Verification Soil Sample Analytical Results,40,S1908-01-01 Caltrans Modesto Stockpile Interim RACR_12.22 (1).pdf
S3 11-0,Stockpile 3 Complete Removal,,,barium,"2,200",mg/kg,raw_detection,,Area Excavated,,,Table 1 - BCS Removal Verification Soil Sample Analytical Results,40,S1908-01-01 Caltrans Modesto Stockpile Interim RACR_12.22 (1).pdf
S3 11-0,Stockpile 3 Complete Removal,,,lead,21,mg/kg,raw_detection,,Area Excavated,,,Table 1 - BCS Removal Verification Soil Sample Analytical Results,40,S1908-01-01 Caltrans Modesto Stockpile Interim RACR_12.22 (1).pdf
S3 11A-0,Stockpile 3 Complete Removal,,,barium,220,mg/kg,raw_detection,,,,yes,Table 1 - BCS Removal Verification Soil Sample Analytical Results,40,S1908-01-01 Caltrans Modesto Stockpile Interim RACR_12.22 (1).pdf
S3 11A-0,Stockpile 3 Complete Removal,,,lead,2.3,mg/kg,raw_detection,,,,yes,Table 1 - BCS Removal Verification Soil Sample Analytical Results,40,S1908-01-01 Caltrans Modesto Stockpile Interim RACR_12.22 (1).pdf
S3 12-0,Stockpile 3 Complete Removal,,,barium,880,mg/kg,raw_detection,,,,,Table 1 - BCS Removal Verification Soil Sample Analytical Results,40,S1908-01-01 Caltrans Modesto Stockpile Interim RACR_12.22 (1).pdf
S3 12-0,Stockpile 3 Complete Removal,,,lead,3.5,mg/kg,raw_detection,,,,,Table 1 - BCS Removal Verification Soil Sample Analytical Results,40,S1908-01-01 Caltrans Modesto Stockpile Interim RACR_12.22 (1).pdf
S3 13-0,Stockpile 3 Complete Removal,,,barium,92,mg/kg,raw_detection,,,,,Table 1 - BCS Removal Verification Soil Sample Analytical Results,40,S1908-01-01 Caltrans Modesto Stockpile Interim RACR_12.22 (1).pdf
S3 13-0,Stockpile 3 Complete Removal,,,lead,1.6,mg/kg,raw_detection,,,,,Table 1 - BCS Removal Verification Soil Sample Analytical Results,40,S1908-01-01 Caltrans Modesto Stockpile Interim RACR_12.22 (1).pdf
S3 14-0,Stockpile 3 Complete Removal,,,barium,78,mg/kg,raw_detection,,,,,Table 1 - BCS Removal Verification Soil Sample Analytical Results,40,S1908-01-01 Caltrans Modesto Stockpile Interim RACR_12.22 (1).pdf
S3 14-0,Stockpile 3 Complete Removal,,,lead,1.8,mg/kg,raw_detection,,,,,Table 1 - BCS Removal Verification Soil Sample Analytical Results,40,S1908-01-01 Caltrans Modesto Stockpile Interim RACR_12.22 (1).pdf
S3 15-0,Stockpile 3 Complete Removal,,,barium,140,mg/kg,raw_detection,,,,,Table 1 - BCS Removal Verification Soil Sample Analytical Results,40,S1908-01-01 Caltrans Modesto Stockpile Interim RACR_12.22 (1).pdf
S3 15-0,Stockpile 3 Complete Removal,,,lead,5.0,mg/kg,raw_detection,,,,,Table 1 - BCS Removal Verification Soil Sample Analytical Results,40,S1908-01-01 Caltrans Modesto Stockpile Interim RACR_12.22 (1).pdf
S3 16-0,Stockpile 3 Complete Removal,,,barium,970,mg/kg,raw_detection,,Backfill Over Storm Drain Pipe,,,Table 1 - BCS Removal Verification Soil Sample Analytical Results,40,S1908-01-01 Caltrans Modesto Stockpile Interim RACR_12.22 (1).pdf
S3 16-0,Stockpile 3 Complete Removal,,,lead,6.7,mg/kg,raw_detection,,Backfill Over Storm Drain Pipe,,,Table 1 - BCS Removal Verification Soil Sample Analytical Results,40,S1908-01-01 Caltrans Modesto Stockpile Interim RACR_12.22 (1).pdf
S3 17-0,Stockpile 3 Complete Removal,,,barium,77,mg/kg,raw_detection,,,,,Table 1 - BCS Removal Verification Soil Sample Analytical Results,40,S1908-01-01 Caltrans Modesto Stockpile Interim RACR_12.22 (1).pdf
S3 17-0,Stockpile 3 Complete Removal,,,lead,2.2,mg/kg,raw_detection,,,,,Table 1 - BCS Removal Verification Soil Sample Analytical Results,40,S1908-01-01 Caltrans Modesto Stockpile Interim RACR_12.22 (1).pdf
S3 18-0,Stockpile 3 Complete Removal,,,barium,240,mg/kg,raw_detection,,,,,Table 1 - BCS Removal Verification Soil Sample Analytical Results,40,S1908-01-01 Caltrans Modesto Stockpile Interim RACR_12.22 (1).pdf
S3 18-0,Stockpile 3 Complete Removal,,,lead,2.1,mg/kg,raw_detection,,,,,Table 1 - BCS Removal Verification Soil Sample Analytical Results,40,S1908-01-01 Caltrans Modesto Stockpile Interim RACR_12.22 (1).pdf
S3 19-0,Stockpile 3 Complete Removal,,,barium,89,mg/kg,raw_detection,,,,,Table 1 - BCS Removal Verification Soil Sample Analytical Results,40,S1908-01-01 Caltrans Modesto Stockpile Interim RACR_12.22 (1).pdf
S3 19-0,Stockpile 3 Complete Removal,,,lead,2.0,mg/kg,raw_detection,,,,,Table 1 - BCS Removal Verification Soil Sample Analytical Results,40,S1908-01-01 Caltrans Modesto Stockpile Interim RACR_12.22 (1).pdf
S3 20-0,Stockpile 3 Complete Removal,,,barium,74,mg/kg,raw_detection,,,,,Table 1 - BCS Removal Verification Soil Sample Analytical Results,40,S1908-01-01 Caltrans Modesto Stockpile Interim RACR_12.22 (1).pdf
S3 20-0,Stockpile 3 Complete Removal,,,lead,2.0,mg/kg,raw_detection,,,,,Table 1 - BCS Removal Verification Soil Sample Analytical Results,40,S1908-01-01 Caltrans Modesto Stockpile Interim RACR_12.22 (1).pdf
S3 21-0,Stockpile 3 Complete Removal,,,barium,62,mg/kg,raw_detection,,,,,Table 1 - BCS Removal Verification Soil Sample Analytical Results,40,S1908-01-01 Caltrans Modesto Stockpile Interim RACR_12.22 (1).pdf
S3 21-0,Stockpile 3 Complete Removal,,,lead,1.8,mg/kg,raw_detection,,,,,Table 1 - BCS Removal Verification Soil Sample Analytical Results,40,S1908-01-01 Caltrans Modesto Stockpile Interim RACR_12.22 (1).pdf
S3 22-0,Stockpile 3 Complete Removal,,,barium,140,mg/kg,raw_detection,,,,,Table 1 - BCS Removal Verification Soil Sample Analytical Results,40,S1908-01-01 Caltrans Modesto Stockpile Interim RACR_12.22 (1).pdf
S3 22-0,Stockpile 3 Complete Removal,,,lead,2.1,mg/kg,raw_detection,,,,,Table 1 - BCS Removal Verification Soil Sample Analytical Results,40,S1908-01-01 Caltrans Modesto Stockpile Interim RACR_12.22 (1).pdf
S3 23-0,Stockpile 3 Complete Removal,,,barium,180,mg/kg,raw_detection,,,,,Table 1 - BCS Removal Verification Soil Sample Analytical Results,40,S1908-01-01 Caltrans Modesto Stockpile Interim RACR_12.22 (1).pdf
S3 23-0,Stockpile 3 Complete Removal,,,lead,1.8,mg/kg,raw_detection,,,,,Table 1 - BCS Removal Verification Soil Sample Analytical Results,40,S1908-01-01 Caltrans Modesto Stockpile Interim RACR_12.22 (1).pdf
S3 24-0,Stockpile 3 Complete Removal,,,barium,180,mg/kg,raw_detection,,,,,Table 1 - BCS Removal Verification Soil Sample Analytical Results,40,S1908-01-01 Caltrans Modesto Stockpile Interim RACR_12.22 (1).pdf
S3 24-0,Stockpile 3 Complete Removal,,,lead,1.9,mg/kg,raw_detection,,,,,Table 1 - BCS Removal Verification Soil Sample Analytical Results,40,S1908-01-01 Caltrans Modesto Stockpile Interim RACR_12.22 (1).pdf
S2W 1-0,Stockpile 2 - West End,,,barium,"3,200",mg/kg,raw_detection,,Area Excavated,,,Table 1 - BCS Removal Verification Soil Sample Analytical Results,41,S1908-01-01 Caltrans Modesto Stockpile Interim RACR_12.22 (1).pdf
S2W 1-0,Stockpile 2 - West End,,,lead,4.2,mg/kg,raw_detection,,Area Excavated,,,Table 1 - BCS Removal Verification Soil Sample Analytical Results,41,S1908-01-01 Caltrans Modesto Stockpile Interim RACR_12.22 (1).pdf
S2W 1A-0,Stockpile 2 - West End,,,barium,140,mg/kg,raw_detection,,,,yes,Table 1 - BCS Removal Verification Soil Sample Analytical Results,41,S1908-01-01 Caltrans Modesto Stockpile Interim RACR_12.22 (1).pdf
S2W 1A-0,Stockpile 2 - West End,,,lead,1.5,mg/kg,raw_detection,,,,yes,Table 1 - BCS Removal Verification Soil Sample Analytical Results,41,S1908-01-01 Caltrans Modesto Stockpile Interim RACR_12.22 (1).pdf
S2W 2-0,Stockpile 2 - West End,,,barium,430,mg/kg,raw_detection,,,,,Table 1 - BCS Removal Verification Soil Sample Analytical Results,41,S1908-01-01 Caltrans Modesto Stockpile Interim RACR_12.22 (1).pdf
S2W 2-0,Stockpile 2 - West End,,,lead,2.7,mg/kg,raw_detection,,,,,Table 1 - BCS Removal Verification Soil Sample Analytical Results,41,S1908-01-01 Caltrans Modesto Stockpile Interim RACR_12.22 (1).pdf
S2W 3-0,Stockpile 2 - West End,,,barium,"1,100",mg/kg,raw_detection,,Area Excavated,,,Table 1 - BCS Removal Verification Soil Sample Analytical Results,41,S1908-01-01 Caltrans Modesto Stockpile Interim RACR_12.22 (1).pdf
S2W 3-0,Stockpile 2 - West End,,,lead,2.1,mg/kg,raw_detection,,Area Excavated,,,Table 1 - BCS Removal Verification Soil Sample Analytical Results,41,S1908-01-01 Caltrans Modesto Stockpile Interim RACR_12.22 (1).pdf
S2W 3A-0,Stockpile 2 - West End,,,barium,64,mg/kg,raw_detection,,,,yes,Table 1 - BCS Removal Verification Soil Sample Analytical Results,41,S1908-01-01 Caltrans Modesto Stockpile Interim RACR_12.22 (1).pdf
S2W 3A-0,Stockpile 2 - West End,,,lead,1.7,mg/kg,raw_detection,,,,yes,Table 1 - BCS Removal Verification Soil Sample Analytical Results,41,S1908-01-01 Caltrans Modesto Stockpile Interim RACR_12.22 (1).pdf
S2W 4-0,Stockpile 2 - West End,,,barium,96,mg/kg,raw_detection,,,,,Table 1 - BCS Removal Verification Soil Sample Analytical Results,41,S1908-01-01 Caltrans Modesto Stockpile Interim RACR_12.22 (1).pdf
S2W 4-0,Stockpile 2 - West End,,,lead,1.8,mg/kg,raw_detection,,,,,Table 1 - BCS Removal Verification Soil Sample Analytical Results,41,S1908-01-01 Caltrans Modesto Stockpile Interim RACR_12.22 (1).pdf
S2W 5-0,Stockpile 2 - West End,,,barium,87,mg/kg,raw_detection,,,,,Table 1 - BCS Removal Verification Soil Sample Analytical Results,41,S1908-01-01 Caltrans Modesto Stockpile Interim RACR_12.22 (1).pdf
S2W 5-0,Stockpile 2 - West End,,,lead,2.8,mg/kg,raw_detection,,,,,Table 1 - BCS Removal Verification Soil Sample Analytical Results,41,S1908-01-01 Caltrans Modesto Stockpile Interim RACR_12.22 (1).pdf
S2W 6-0,Stockpile 2 - West End,,,barium,89,mg/kg,raw_detection,,,,,Table 1 - BCS Removal Verification Soil Sample Analytical Results,41,S1908-01-01 Caltrans Modesto Stockpile Interim RACR_12.22 (1).pdf
S2W 6-0,Stockpile 2 - West End,,,lead,2.6,mg/kg,raw_detection,,,,,Table 1 - BCS Removal Verification Soil Sample Analytical Results,41,S1908-01-01 Caltrans Modesto Stockpile Interim RACR_12.22 (1).pdf
S2W 7-0,Stockpile 2 - West End,,,barium,92,mg/kg,raw_detection,,,,,Table 1 - BCS Removal Verification Soil Sample Analytical Results,41,S1908-01-01 Caltrans Modesto Stockpile Interim RACR_12.22 (1).pdf
S2W 7-0,Stockpile 2 - West End,,,lead,1.9,mg/kg,raw_detection,,,,,Table 1 - BCS Removal Verification Soil Sample Analytical Results,41,S1908-01-01 Caltrans Modesto Stockpile Interim RACR_12.22 (1).pdf
S2W 8-0,Stockpile 2 - West End,,,barium,54,mg/kg,raw_detection,,,,,Table 1 - BCS Removal Verification Soil Sample Analytical Results,41,S1908-01-01 Caltrans Modesto Stockpile Interim RACR_12.22 (1).pdf
S2W 8-0,Stockpile 2 - West End,,,lead,1.6,mg/kg,raw_detection,,,,,Table 1 - BCS Removal Verification Soil Sample Analytical Results,41,S1908-01-01 Caltrans Modesto Stockpile Interim RACR_12.22 (1).pdf
S2E 1-0,Stockpile 2 - East End,,,barium,100,mg/kg,raw_detection,,---,,,Table 1 - BCS Removal Verification Soil Sample Analytical Results,41,S1908-01-01 Caltrans Modesto Stockpile Interim RACR_12.22 (1).pdf
S2E 1-0,Stockpile 2 - East End,,,lead,1.6,mg/kg,raw_detection,,---,,,Table 1 - BCS Removal Verification Soil Sample Analytical Results,41,S1908-01-01 Caltrans Modesto Stockpile Interim RACR_12.22 (1).pdf
S2E 2-0,Stockpile 2 - East End,,,barium,690,mg/kg,raw_detection,,---,,,Table 1 - BCS Removal Verification Soil Sample Analytical Results,41,S1908-01-01 Caltrans Modesto Stockpile Interim RACR_12.22 (1).pdf
S2E 2-0,Stockpile 2 - East End,,,lead,18,mg/kg,raw_detection,,---,,,Table 1 - BCS Removal Verification Soil Sample Analytical Results,41,S1908-01-01 Caltrans Modesto Stockpile Interim RACR_12.22 (1).pdf
S2E 3-0,Stockpile 2 - East End,,,barium,"1,400",mg/kg,raw_detection,,Area Excavated,,,Table 1 - BCS Removal Verification Soil Sample Analytical Results,41,S1908-01-01 Caltrans Modesto Stockpile Interim RACR_12.22 (1).pdf
S2E 3-0,Stockpile 2 - East End,,,lead,5.6,mg/kg,raw_detection,,Area Excavated,,,Table 1 - BCS Removal Verification Soil Sample Analytical Results,41,S1908-01-01 Caltrans Modesto Stockpile Interim RACR_12.22 (1).pdf
S2E 3A-0,Stockpile 2 - East End,,,barium,570,mg/kg,raw_detection,,---,,yes,Table 1 - BCS Removal Verification Soil Sample Analytical Results,41,S1908-01-01 Caltrans Modesto Stockpile Interim RACR_12.22 (1).pdf
S2E 3A-0,Stockpile 2 - East End,,,lead,3.9,mg/kg,raw_detection,,---,,yes,Table 1 - BCS Removal Verification Soil Sample Analytical Results,41,S1908-01-01 Caltrans Modesto Stockpile Interim RACR_12.22 (1).pdf
S2E 4-0,Stockpile 2 - East End,,,barium,350,mg/kg,raw_detection,,---,,,Table 1 - BCS Removal Verification Soil Sample Analytical Results,41,S1908-01-01 Caltrans Modesto Stockpile Interim RACR_12.22 (1).pdf
S2E 4-0,Stockpile 2 - East End,,,lead,3.4,mg/kg,raw_detection,,---,,,Table 1 - BCS Removal Verification Soil Sample Analytical Results,41,S1908-01-01 Caltrans Modesto Stockpile Interim RACR_12.22 (1).pdf
S2E 5-0,Stockpile 2 - East End,,,barium,290,mg/kg,raw_detection,,---,,,Table 1 - BCS Removal Verification Soil Sample Analytical Results,41,S1908-01-01 Caltrans Modesto Stockpile Interim RACR_12.22 (1).pdf
S2E 5-0,Stockpile 2 - East End,,,lead,35,mg/kg,raw_detection,,---,,,Table 1 - BCS Removal Verification Soil Sample Analytical Results,41,S1908-01-01 Caltrans Modesto Stockpile Interim RACR_12.22 (1).pdf
S2E 6-0,Stockpile 2 - East End,,,barium,760,mg/kg,raw_detection,,---,,,Table 1 - BCS Removal Verification Soil Sample Analytical Results,41,S1908-01-01 Caltrans Modesto Stockpile Interim RACR_12.22 (1).pdf
S2E 6-0,Stockpile 2 - East End,,,lead,3.2,mg/kg,raw_detection,,---,,,Table 1 - BCS Removal Verification Soil Sample Analytical Results,41,S1908-01-01 Caltrans Modesto Stockpile Interim RACR_12.22 (1).pdf
S2E 7-0,Stockpile 2 - East End,,,barium,73,mg/kg,raw_detection,,---,,,Table 1 - BCS Removal Verification Soil Sample Analytical Results,41,S1908-01-01 Caltrans Modesto Stockpile Interim RACR_12.22 (1).pdf
S2E 7-0,Stockpile 2 - East End,,,lead,2.0,mg/kg,raw_detection,,---,,,Table 1 - BCS Removal Verification Soil Sample Analytical Results,41,S1908-01-01 Caltrans Modesto Stockpile Interim RACR_12.22 (1).pdf
S2E 8-0,Stockpile 2 - East End,,,barium,"4,100",mg/kg,raw_detection,,Area Excavated,,,Table 1 - BCS Removal Verification Soil Sample Analytical Results,41,S1908-01-01 Caltrans Modesto Stockpile Interim RACR_12.22 (1).pdf
S2E 8-0,Stockpile 2 - East End,,,lead,23,mg/kg,raw_detection,,Area Excavated,,,Table 1 - BCS Removal Verification Soil Sample Analytical Results,41,S1908-01-01 Caltrans Modesto Stockpile Interim RACR_12.22 (1).pdf
S2E 8A-0,Stockpile 2 - East End,,,barium,63,mg/kg,raw_detection,,,,yes,Table 1 - BCS Removal Verification Soil Sample Analytical Results,41,S1908-01-01 Caltrans Modesto Stockpile Interim RACR_12.22 (1).pdf
S2E 8A-0,Stockpile 2 - East End,,,lead,1.6,mg/kg,raw_detection,,,,yes,Table 1 - BCS Removal Verification Soil Sample Analytical Results,41,S1908-01-01 Caltrans Modesto Stockpile Interim RACR_12.22 (1).pdf
S2E 9-0,Stockpile 2 - East End,,,barium,140,mg/kg,raw_detection,,---,,,Table 1 - BCS Removal Verification Soil Sample Analytical Results,41,S1908-01-01 Caltrans Modesto Stockpile Interim RACR_12.22 (1).pdf
S2E 9-0,Stockpile 2 - East End,,,lead,2.0,mg/kg,raw_detection,,---,,,Table 1 - BCS Removal Verification Soil Sample Analytical Results,41,S1908-01-01 Caltrans Modesto Stockpile Interim RACR_12.22 (1).pdf
S2E 10-0,Stockpile 2 - East End,,,barium,110,mg/kg,raw_detection,,---,,,Table 1 - BCS Removal Verification Soil Sample Analytical Results,41,S1908-01-01 Caltrans Modesto Stockpile Interim RACR_12.22 (1).pdf
S2E 10-0,Stockpile 2 - East End,,,lead,2.3,mg/kg,raw_detection,,---,,,Table 1 - BCS Removal Verification Soil Sample Analytical Results,41,S1908-01-01 Caltrans Modesto Stockpile Interim RACR_12.22 (1).pdf
S2E 11-0,Stockpile 2 - East End,,,barium,82,mg/kg,raw_detection,,---,,,Table 1 - BCS Removal Verification Soil Sample Analytical Results,41,S1908-01-01 Caltrans Modesto Stockpile Interim RACR_12.22 (1).pdf
S2E 11-0,Stockpile 2 - East End,,,lead,1.9,mg/kg,raw_detection,,---,,,Table 1 - BCS Removal Verification Soil Sample Analytical Results,41,S1908-01-01 Caltrans Modesto Stockpile Interim RACR_12.22 (1).pdf
S2E 12-0,Stockpile 2 - East End,,,barium,79,mg/kg,raw_detection,,---,,,Table 1 - BCS Removal Verification Soil Sample Analytical Results,41,S1908-01-01 Caltrans Modesto Stockpile Interim RACR_12.22 (1).pdf
S2E 12-0,Stockpile 2 - East End,,,lead,1.9,mg/kg,raw_detection,,---,,,Table 1 - BCS Removal Verification Soil Sample Analytical Results,41,S1908-01-01 Caltrans Modesto Stockpile Interim RACR_12.22 (1).pdf
,Stockpile 2 - East End,,,barium,"1,000",mg/kg,bcs_removal_verification_threshold,,,,,Table 1 - BCS Removal Verification Soil Sample Analytical Results,41,S1908-01-01 Caltrans Modesto Stockpile Interim RACR_12.22 (1).pdf
,Stockpile 2 - East End,,,lead,80,mg/kg,bcs_removal_verification_threshold,,,,,Table 1 - BCS Removal Verification Soil Sample Analytical Results,41,S1908-01-01 Caltrans Modesto Stockpile Interim RACR_12.22 (1).pdf
STK1-1-0,Stockpile 1 MSE Wall Footing,STK1-1,0,barium,95,mg/kg,raw_detection,,,,,Table 1 - Stockpile 1 MSE Wall Footing Soil Analytical Results,60,S1908-01-01 Caltrans Modesto Stockpile Interim RACR_12.22 (1).pdf
STK1-1-0,Stockpile 1 MSE Wall Footing,STK1-1,0,lead,3.7,mg/kg,raw_detection,,,,,Table 1 - Stockpile 1 MSE Wall Footing Soil Analytical Results,60,S1908-01-01 Caltrans Modesto Stockpile Interim RACR_12.22 (1).pdf
STK1-1-1,Stockpile 1 MSE Wall Footing,STK1-1,1,barium,83,mg/kg,raw_detection,,,,,Table 1 - Stockpile 1 MSE Wall Footing Soil Analytical Results,60,S1908-01-01 Caltrans Modesto Stockpile Interim RACR_12.22 (1).pdf
STK1-1-1,Stockpile 1 MSE Wall Footing,STK1-1,1,lead,3.1,mg/kg,raw_detection,,,,,Table 1 - Stockpile 1 MSE Wall Footing Soil Analytical Results,60,S1908-01-01 Caltrans Modesto Stockpile Interim RACR_12.22 (1).pdf
STK1-1-2,Stockpile 1 MSE Wall Footing,STK1-1,2,barium,80,mg/kg,raw_detection,,,,,Table 1 - Stockpile 1 MSE Wall Footing Soil Analytical Results,60,S1908-01-01 Caltrans Modesto Stockpile Interim RACR_12.22 (1).pdf
STK1-1-2,Stockpile 1 MSE Wall Footing,STK1-1,2,lead,2.6,mg/kg,raw_detection,,,,,Table 1 - Stockpile 1 MSE Wall Footing Soil Analytical Results,60,S1908-01-01 Caltrans Modesto Stockpile Interim RACR_12.22 (1).pdf
STK1-1-3,Stockpile 1 MSE Wall Footing,STK1-1,3,barium,130,mg/kg,raw_detection,,,,,Table 1 - Stockpile 1 MSE Wall Footing Soil Analytical Results,60,S1908-01-01 Caltrans Modesto Stockpile Interim RACR_12.22 (1).pdf
STK1-1-3,Stockpile 1 MSE Wall Footing,STK1-1,3,lead,2.2,mg/kg,raw_detection,,,,,Table 1 - Stockpile 1 MSE Wall Footing Soil Analytical Results,60,S1908-01-01 Caltrans Modesto Stockpile Interim RACR_12.22 (1).pdf
STK1-1-4,Stockpile 1 MSE Wall Footing,STK1-1,4,barium,42,mg/kg,raw_detection,,,,,Table 1 - Stockpile 1 MSE Wall Footing Soil Analytical Results,60,S1908-01-01 Caltrans Modesto Stockpile Interim RACR_12.22 (1).pdf
STK1-1-4,Stockpile 1 MSE Wall Footing,STK1-1,4,lead,<1.0,mg/kg,raw_detection,yes,,,,Table 1 - Stockpile 1 MSE Wall Footing Soil Analytical Results,60,S1908-01-01 Caltrans Modesto Stockpile Interim RACR_12.22 (1).pdf
STK1-2-0,Stockpile 1 MSE Wall Footing,STK1-2,0,barium,240,mg/kg,raw_detection,,,,,Table 1 - Stockpile 1 MSE Wall Footing Soil Analytical Results,60,S1908-01-01 Caltrans Modesto Stockpile Interim RACR_12.22 (1).pdf
STK1-2-0,Stockpile 1 MSE Wall Footing,STK1-2,0,lead,6.6,mg/kg,raw_detection,,,,,Table 1 - Stockpile 1 MSE Wall Footing Soil Analytical Results,60,S1908-01-01 Caltrans Modesto Stockpile Interim RACR_12.22 (1).pdf
STK1-2-1,Stockpile 1 MSE Wall Footing,STK1-2,1,barium,140,mg/kg,raw_detection,,,,,Table 1 - Stockpile 1 MSE Wall Footing Soil Analytical Results,60,S1908-01-01 Caltrans Modesto Stockpile Interim RACR_12.22 (1).pdf
STK1-2-1,Stockpile 1 MSE Wall Footing,STK1-2,1,lead,3.9,mg/kg,raw_detection,,,,,Table 1 - Stockpile 1 MSE Wall Footing Soil Analytical Results,60,S1908-01-01 Caltrans Modesto Stockpile Interim RACR_12.22 (1).pdf
STK1-2-2,Stockpile 1 MSE Wall Footing,STK1-2,2,barium,97,mg/kg,raw_detection,,,,,Table 1 - Stockpile 1 MSE Wall Footing Soil Analytical Results,60,S1908-01-01 Caltrans Modesto Stockpile Interim RACR_12.22 (1).pdf
STK1-2-2,Stockpile 1 MSE Wall Footing,STK1-2,2,lead,3.3,mg/kg,raw_detection,,,,,Table 1 - Stockpile 1 MSE Wall Footing Soil Analytical Results,60,S1908-01-01 Caltrans Modesto Stockpile Interim RACR_12.22 (1).pdf
STK1-2-3,Stockpile 1 MSE Wall Footing,STK1-2,3,barium,81,mg/kg,raw_detection,,,,,Table 1 - Stockpile 1 MSE Wall Footing Soil Analytical Results,60,S1908-01-01 Caltrans Modesto Stockpile Interim RACR_12.22 (1).pdf
STK1-2-3,Stockpile 1 MSE Wall Footing,STK1-2,3,lead,3,mg/kg,raw_detection,,,,,Table 1 - Stockpile 1 MSE Wall Footing Soil Analytical Results,60,S1908-01-01 Caltrans Modesto Stockpile Interim RACR_12.22 (1).pdf
STK1-2-4,Stockpile 1 MSE Wall Footing,STK1-2,4,barium,75,mg/kg,raw_detection,,,,,Table 1 - Stockpile 1 MSE Wall Footing Soil Analytical Results,60,S1908-01-01 Caltrans Modesto Stockpile Interim RACR_12.22 (1).pdf
STK1-2-4,Stockpile 1 MSE Wall Footing,STK1-2,4,lead,1.8,mg/kg,raw_detection,,,,,Table 1 - Stockpile 1 MSE Wall Footing Soil Analytical Results,60,S1908-01-01 Caltrans Modesto Stockpile Interim RACR_12.22 (1).pdf
STK1-3-0,Stockpile 1 MSE Wall Footing,STK1-3,0,barium,420,mg/kg,raw_detection,,,,,Table 1 - Stockpile 1 MSE Wall Footing Soil Analytical Results,60,S1908-01-01 Caltrans Modesto Stockpile Interim RACR_12.22 (1).pdf
STK1-3-0,Stockpile 1 MSE Wall Footing,STK1-3,0,lead,6.7,mg/kg,raw_detection,,,,,Table 1 - Stockpile 1 MSE Wall Footing Soil Analytical Results,60,S1908-01-01 Caltrans Modesto Stockpile Interim RACR_12.22 (1).pdf
STK1-3-1,Stockpile 1 MSE Wall Footing,STK1-3,1,barium,120,mg/kg,raw_detection,,,,,Table 1 - Stockpile 1 MSE Wall Footing Soil Analytical Results,60,S1908-01-01 Caltrans Modesto Stockpile Interim RACR_12.22 (1).pdf
STK1-3-1,Stockpile 1 MSE Wall Footing,STK1-3,1,lead,3.3,mg/kg,raw_detection,,,,,Table 1 - Stockpile 1 MSE Wall Footing Soil Analytical Results,60,S1908-01-01 Caltrans Modesto Stockpile Interim RACR_12.22 (1).pdf
STK1-3-2,Stockpile 1 MSE Wall Footing,STK1-3,2,barium,130,mg/kg,raw_detection,,,,,Table 1 - Stockpile 1 MSE Wall Footing Soil Analytical Results,60,S1908-01-01 Caltrans Modesto Stockpile Interim RACR_12.22 (1).pdf
STK1-3-2,Stockpile 1 MSE Wall Footing,STK1-3,2,lead,3.4,mg/kg,raw_detection,,,,,Table 1 - Stockpile 1 MSE Wall Footing Soil Analytical Results,60,S1908-01-01 Caltrans Modesto Stockpile Interim RACR_12.22 (1).pdf
STK1-3-3,Stockpile 1 MSE Wall Footing,STK1-3,3,barium,120,mg/kg,raw_detection,,,,,Table 1 - Stockpile 1 MSE Wall Footing Soil Analytical Results,60,S1908-01-01 Caltrans Modesto Stockpile Interim RACR_12.22 (1).pdf
STK1-3-3,Stockpile 1 MSE Wall Footing,STK1-3,3,lead,1.1,mg/kg,raw_detection,,,,,Table 1 - Stockpile 1 MSE Wall Footing Soil Analytical Results,60,S1908-01-01 Caltrans Modesto Stockpile Interim RACR_12.22 (1).pdf
STK1-3-4,Stockpile 1 MSE Wall Footing,STK1-3,4,barium,71,mg/kg,raw_detection,,,,,Table 1 - Stockpile 1 MSE Wall Footing Soil Analytical Results,60,S1908-01-01 Caltrans Modesto Stockpile Interim RACR_12.22 (1).pdf
STK1-3-4,Stockpile 1 MSE Wall Footing,STK1-3,4,lead,1.2,mg/kg,raw_detection,,,,,Table 1 - Stockpile 1 MSE Wall Footing Soil Analytical Results,60,S1908-01-01 Caltrans Modesto Stockpile Interim RACR_12.22 (1).pdf
,Stockpile 1 MSE Wall Footing,,,barium,171.9/128.3,mg/kg,95_percent_ucl_and_mean,,,,,Table 1 - Stockpile 1 MSE Wall Footing Soil Analytical Results,60,S1908-01-01 Caltrans Modesto Stockpile Interim RACR_12.22 (1).pdf
,Stockpile 1 MSE Wall Footing,,,barium,120,mg/kg,max_site_specific_background,,,,,Table 1 - Stockpile 1 MSE Wall Footing Soil Analytical Results,60,S1908-01-01 Caltrans Modesto Stockpile Interim RACR_12.22 (1).pdf
,Stockpile 1 MSE Wall Footing,,,lead,3.8,mg/kg,max_site_specific_background,,,,,Table 1 - Stockpile 1 MSE Wall Footing Soil Analytical Results,60,S1908-01-01 Caltrans Modesto Stockpile Interim RACR_12.22 (1).pdf
,Stockpile 1 MSE Wall Footing,,,barium,"1,000",mg/kg,bcs_removal_verification_threshold,,,,,Table 1 - Stockpile 1 MSE Wall Footing Soil Analytical Results,60,S1908-01-01 Caltrans Modesto Stockpile Interim RACR_12.22 (1).pdf
,Stockpile 1 MSE Wall Footing,,,lead,80,mg/kg,bcs_removal_verification_threshold,,,,,Table 1 - Stockpile 1 MSE Wall Footing Soil Analytical Results,60,S1908-01-01 Caltrans Modesto Stockpile Interim RACR_12.22 (1).pdf
STK2-1-0,Stockpile 2 MSE Wall Footing,STK2-1,0,barium,930,mg/kg,raw_detection,,,,,Table 1 - Stockpile 2 MSE Wall Footing Soil Analytical Results,214,S1908-01-01 Caltrans Modesto Stockpile Interim RACR_12.22 (1).pdf
STK2-1-0,Stockpile 2 MSE Wall Footing,STK2-1,0,lead,6.6,mg/kg,raw_detection,,,,,Table 1 - Stockpile 2 MSE Wall Footing Soil Analytical Results,214,S1908-01-01 Caltrans Modesto Stockpile Interim RACR_12.22 (1).pdf
STK2-1-1,Stockpile 2 MSE Wall Footing,STK2-1,1,barium,490,mg/kg,raw_detection,,,,,Table 1 - Stockpile 2 MSE Wall Footing Soil Analytical Results,214,S1908-01-01 Caltrans Modesto Stockpile Interim RACR_12.22 (1).pdf
STK2-1-1,Stockpile 2 MSE Wall Footing,STK2-1,1,lead,6.6,mg/kg,raw_detection,,,,,Table 1 - Stockpile 2 MSE Wall Footing Soil Analytical Results,214,S1908-01-01 Caltrans Modesto Stockpile Interim RACR_12.22 (1).pdf
STK2-1-2,Stockpile 2 MSE Wall Footing,STK2-1,2,barium,140,mg/kg,raw_detection,,,,,Table 1 - Stockpile 2 MSE Wall Footing Soil Analytical Results,214,S1908-01-01 Caltrans Modesto Stockpile Interim RACR_12.22 (1).pdf
STK2-1-2,Stockpile 2 MSE Wall Footing,STK2-1,2,lead,5.0,mg/kg,raw_detection,,,,,Table 1 - Stockpile 2 MSE Wall Footing Soil Analytical Results,214,S1908-01-01 Caltrans Modesto Stockpile Interim RACR_12.22 (1).pdf
STK2-1-3,Stockpile 2 MSE Wall Footing,STK2-1,3,barium,65,mg/kg,raw_detection,,,,,Table 1 - Stockpile 2 MSE Wall Footing Soil Analytical Results,214,S1908-01-01 Caltrans Modesto Stockpile Interim RACR_12.22 (1).pdf
STK2-1-3,Stockpile 2 MSE Wall Footing,STK2-1,3,lead,3.6,mg/kg,raw_detection,,,,,Table 1 - Stockpile 2 MSE Wall Footing Soil Analytical Results,214,S1908-01-01 Caltrans Modesto Stockpile Interim RACR_12.22 (1).pdf
STK2-1-4,Stockpile 2 MSE Wall Footing,STK2-1,4,barium,53,mg/kg,raw_detection,,,,,Table 1 - Stockpile 2 MSE Wall Footing Soil Analytical Results,214,S1908-01-01 Caltrans Modesto Stockpile Interim RACR_12.22 (1).pdf
STK2-1-4,Stockpile 2 MSE Wall Footing,STK2-1,4,lead,3.7,mg/kg,raw_detection,,,,,Table 1 - Stockpile 2 MSE Wall Footing Soil Analytical Results,214,S1908-01-01 Caltrans Modesto Stockpile Interim RACR_12.22 (1).pdf
STK2-2-0,Stockpile 2 MSE Wall Footing,STK2-2,0,barium,130,mg/kg,raw_detection,,,,,Table 1 - Stockpile 2 MSE Wall Footing Soil Analytical Results,214,S1908-01-01 Caltrans Modesto Stockpile Interim RACR_12.22 (1).pdf
STK2-2-0,Stockpile 2 MSE Wall Footing,STK2-2,0,lead,3.5,mg/kg,raw_detection,,,,,Table 1 - Stockpile 2 MSE Wall Footing Soil Analytical Results,214,S1908-01-01 Caltrans Modesto Stockpile Interim RACR_12.22 (1).pdf
STK2-2-1,Stockpile 2 MSE Wall Footing,STK2-2,1,barium,78,mg/kg,raw_detection,,,,,Table 1 - Stockpile 2 MSE Wall Footing Soil Analytical Results,214,S1908-01-01 Caltrans Modesto Stockpile Interim RACR_12.22 (1).pdf
STK2-2-1,Stockpile 2 MSE Wall Footing,STK2-2,1,lead,4.0,mg/kg,raw_detection,,,,,Table 1 - Stockpile 2 MSE Wall Footing Soil Analytical Results,214,S1908-01-01 Caltrans Modesto Stockpile Interim RACR_12.22 (1).pdf
STK2-2-2,Stockpile 2 MSE Wall Footing,STK2-2,2,barium,61,mg/kg,raw_detection,,,,,Table 1 - Stockpile 2 MSE Wall Footing Soil Analytical Results,214,S1908-01-01 Caltrans Modesto Stockpile Interim RACR_12.22 (1).pdf
STK2-2-2,Stockpile 2 MSE Wall Footing,STK2-2,2,lead,3.9,mg/kg,raw_detection,,,,,Table 1 - Stockpile 2 MSE Wall Footing Soil Analytical Results,214,S1908-01-01 Caltrans Modesto Stockpile Interim RACR_12.22 (1).pdf
STK2-2-3,Stockpile 2 MSE Wall Footing,STK2-2,3,barium,58,mg/kg,raw_detection,,,,,Table 1 - Stockpile 2 MSE Wall Footing Soil Analytical Results,214,S1908-01-01 Caltrans Modesto Stockpile Interim RACR_12.22 (1).pdf
STK2-2-3,Stockpile 2 MSE Wall Footing,STK2-2,3,lead,3.9,mg/kg,raw_detection,,,,,Table 1 - Stockpile 2 MSE Wall Footing Soil Analytical Results,214,S1908-01-01 Caltrans Modesto Stockpile Interim RACR_12.22 (1).pdf
STK2-2-4,Stockpile 2 MSE Wall Footing,STK2-2,4,barium,96,mg/kg,raw_detection,,,,,Table 1 - Stockpile 2 MSE Wall Footing Soil Analytical Results,214,S1908-01-01 Caltrans Modesto Stockpile Interim RACR_12.22 (1).pdf
STK2-2-4,Stockpile 2 MSE Wall Footing,STK2-2,4,lead,3.7,mg/kg,raw_detection,,,,,Table 1 - Stockpile 2 MSE Wall Footing Soil Analytical Results,214,S1908-01-01 Caltrans Modesto Stockpile Interim RACR_12.22 (1).pdf
STK2-3-0,Stockpile 2 MSE Wall Footing,STK2-3,0,barium,290,mg/kg,raw_detection,,,,,Table 1 - Stockpile 2 MSE Wall Footing Soil Analytical Results,214,S1908-01-01 Caltrans Modesto Stockpile Interim RACR_12.22 (1).pdf
STK2-3-0,Stockpile 2 MSE Wall Footing,STK2-3,0,lead,5.1,mg/kg,raw_detection,,,,,Table 1 - Stockpile 2 MSE Wall Footing Soil Analytical Results,214,S1908-01-01 Caltrans Modesto Stockpile Interim RACR_12.22 (1).pdf
STK2-3-1,Stockpile 2 MSE Wall Footing,STK2-3,1,barium,85,mg/kg,raw_detection,,,,,Table 1 - Stockpile 2 MSE Wall Footing Soil Analytical Results,214,S1908-01-01 Caltrans Modesto Stockpile Interim RACR_12.22 (1).pdf
STK2-3-1,Stockpile 2 MSE Wall Footing,STK2-3,1,lead,4.3,mg/kg,raw_detection,,,,,Table 1 - Stockpile 2 MSE Wall Footing Soil Analytical Results,214,S1908-01-01 Caltrans Modesto Stockpile Interim RACR_12.22 (1).pdf
STK2-3-2,Stockpile 2 MSE Wall Footing,STK2-3,2,barium,88,mg/kg,raw_detection,,,,,Table 1 - Stockpile 2 MSE Wall Footing Soil Analytical Results,214,S1908-01-01 Caltrans Modesto Stockpile Interim RACR_12.22 (1).pdf
STK2-3-2,Stockpile 2 MSE Wall Footing,STK2-3,2,lead,5.0,mg/kg,raw_detection,,,,,Table 1 - Stockpile 2 MSE Wall Footing Soil Analytical Results,214,S1908-01-01 Caltrans Modesto Stockpile Interim RACR_12.22 (1).pdf
STK2-3-3,Stockpile 2 MSE Wall Footing,STK2-3,3,barium,66,mg/kg,raw_detection,,,,,Table 1 - Stockpile 2 MSE Wall Footing Soil Analytical Results,214,S1908-01-01 Caltrans Modesto Stockpile Interim RACR_12.22 (1).pdf
STK2-3-3,Stockpile 2 MSE Wall Footing,STK2-3,3,lead,4.4,mg/kg,raw_detection,,,,,Table 1 - Stockpile 2 MSE Wall Footing Soil Analytical Results,214,S1908-01-01 Caltrans Modesto Stockpile Interim RACR_12.22 (1).pdf
STK2-3-4,Stockpile 2 MSE Wall Footing,STK2-3,4,barium,67,mg/kg,raw_detection,,,,,Table 1 - Stockpile 2 MSE Wall Footing Soil Analytical Results,214,S1908-01-01 Caltrans Modesto Stockpile Interim RACR_12.22 (1).pdf
STK2-3-4,Stockpile 2 MSE Wall Footing,STK2-3,4,lead,4.3,mg/kg,raw_detection,,,,,Table 1 - Stockpile 2 MSE Wall Footing Soil Analytical Results,214,S1908-01-01 Caltrans Modesto Stockpile Interim RACR_12.22 (1).pdf
STK2-4-0,Stockpile 2 MSE Wall Footing,STK2-4,0,barium,830,mg/kg,raw_detection,,,,,Table 1 - Stockpile 2 MSE Wall Footing Soil Analytical Results,214,S1908-01-01 Caltrans Modesto Stockpile Interim RACR_12.22 (1).pdf
STK2-4-0,Stockpile 2 MSE Wall Footing,STK2-4,0,lead,7.7,mg/kg,raw_detection,,,,,Table 1 - Stockpile 2 MSE Wall Footing Soil Analytical Results,214,S1908-01-01 Caltrans Modesto Stockpile Interim RACR_12.22 (1).pdf
STK2-4-1,Stockpile 2 MSE Wall Footing,STK2-4,1,barium,190,mg/kg,raw_detection,,,,,Table 1 - Stockpile 2 MSE Wall Footing Soil Analytical Results,214,S1908-01-01 Caltrans Modesto Stockpile Interim RACR_12.22 (1).pdf
STK2-4-1,Stockpile 2 MSE Wall Footing,STK2-4,1,lead,4.9,mg/kg,raw_detection,,,,,Table 1 - Stockpile 2 MSE Wall Footing Soil Analytical Results,214,S1908-01-01 Caltrans Modesto Stockpile Interim RACR_12.22 (1).pdf
STK2-4-2,Stockpile 2 MSE Wall Footing,STK2-4,2,barium,180,mg/kg,raw_detection,,,,,Table 1 - Stockpile 2 MSE Wall Footing Soil Analytical Results,214,S1908-01-01 Caltrans Modesto Stockpile Interim RACR_12.22 (1).pdf
STK2-4-2,Stockpile 2 MSE Wall Footing,STK2-4,2,lead,5.2,mg/kg,raw_detection,,,,,Table 1 - Stockpile 2 MSE Wall Footing Soil Analytical Results,214,S1908-01-01 Caltrans Modesto Stockpile Interim RACR_12.22 (1).pdf
STK2-5-0,Stockpile 2 MSE Wall Footing,STK2-5,0,barium,210,mg/kg,raw_detection,,,,,Table 1 - Stockpile 2 MSE Wall Footing Soil Analytical Results,214,S1908-01-01 Caltrans Modesto Stockpile Interim RACR_12.22 (1).pdf
STK2-5-0,Stockpile 2 MSE Wall Footing,STK2-5,0,lead,4.9,mg/kg,raw_detection,,,,,Table 1 - Stockpile 2 MSE Wall Footing Soil Analytical Results,214,S1908-01-01 Caltrans Modesto Stockpile Interim RACR_12.22 (1).pdf
STK2-5-1,Stockpile 2 MSE Wall Footing,STK2-5,1,barium,87,mg/kg,raw_detection,,,,,Table 1 - Stockpile 2 MSE Wall Footing Soil Analytical Results,214,S1908-01-01 Caltrans Modesto Stockpile Interim RACR_12.22 (1).pdf
STK2-5-1,Stockpile 2 MSE Wall Footing,STK2-5,1,lead,5.0,mg/kg,raw_detection,,,,,Table 1 - Stockpile 2 MSE Wall Footing Soil Analytical Results,214,S1908-01-01 Caltrans Modesto Stockpile Interim RACR_12.22 (1).pdf
STK2-5-2,Stockpile 2 MSE Wall Footing,STK2-5,2,barium,96,mg/kg,raw_detection,,,,,Table 1 - Stockpile 2 MSE Wall Footing Soil Analytical Results,214,S1908-01-01 Caltrans Modesto Stockpile Interim RACR_12.22 (1).pdf
STK2-5-2,Stockpile 2 MSE Wall Footing,STK2-5,2,lead,5.5,mg/kg,raw_detection,,,,,Table 1 - Stockpile 2 MSE Wall Footing Soil Analytical Results,214,S1908-01-01 Caltrans Modesto Stockpile Interim RACR_12.22 (1).pdf
STK2-6-0,Stockpile 2 MSE Wall Footing,STK2-6,0,barium,130,mg/kg,raw_detection,,,,,Table 1 - Stockpile 2 MSE Wall Footing Soil Analytical Results,214,S1908-01-01 Caltrans Modesto Stockpile Interim RACR_12.22 (1).pdf
STK2-6-0,Stockpile 2 MSE Wall Footing,STK2-6,0,lead,5.2,mg/kg,raw_detection,,,,,Table 1 - Stockpile 2 MSE Wall Footing Soil Analytical Results,214,S1908-01-01 Caltrans Modesto Stockpile Interim RACR_12.22 (1).pdf
STK2-6-1,Stockpile 2 MSE Wall Footing,STK2-6,1,barium,71,mg/kg,raw_detection,,,,,Table 1 - Stockpile 2 MSE Wall Footing Soil Analytical Results,214,S1908-01-01 Caltrans Modesto Stockpile Interim RACR_12.22 (1).pdf
STK2-6-1,Stockpile 2 MSE Wall Footing,STK2-6,1,lead,4.6,mg/kg,raw_detection,,,,,Table 1 - Stockpile 2 MSE Wall Footing Soil Analytical Results,214,S1908-01-01 Caltrans Modesto Stockpile Interim RACR_12.22 (1).pdf
STK2-6-2,Stockpile 2 MSE Wall Footing,STK2-6,2,barium,69,mg/kg,raw_detection,,,,,Table 1 - Stockpile 2 MSE Wall Footing Soil Analytical Results,214,S1908-01-01 Caltrans Modesto Stockpile Interim RACR_12.22 (1).pdf
STK2-6-2,Stockpile 2 MSE Wall Footing,STK2-6,2,lead,4.8,mg/kg,raw_detection,,,,,Table 1 - Stockpile 2 MSE Wall Footing Soil Analytical Results,214,S1908-01-01 Caltrans Modesto Stockpile Interim RACR_12.22 (1).pdf
STK2-7-0,Stockpile 2 MSE Wall Footing,STK2-7,0,barium,690,mg/kg,raw_detection,,,,,Table 1 - Stockpile 2 MSE Wall Footing Soil Analytical Results,214,S1908-01-01 Caltrans Modesto Stockpile Interim RACR_12.22 (1).pdf
STK2-7-0,Stockpile 2 MSE Wall Footing,STK2-7,0,lead,22,mg/kg,raw_detection,,,,,Table 1 - Stockpile 2 MSE Wall Footing Soil Analytical Results,214,S1908-01-01 Caltrans Modesto Stockpile Interim RACR_12.22 (1).pdf
STK2-7-1,Stockpile 2 MSE Wall Footing,STK2-7,1,barium,580,mg/kg,raw_detection,,,,,Table 1 - Stockpile 2 MSE Wall Footing Soil Analytical Results,214,S1908-01-01 Caltrans Modesto Stockpile Interim RACR_12.22 (1).pdf
STK2-7-1,Stockpile 2 MSE Wall Footing,STK2-7,1,lead,15,mg/kg,raw_detection,,,,,Table 1 - Stockpile 2 MSE Wall Footing Soil Analytical Results,214,S1908-01-01 Caltrans Modesto Stockpile Interim RACR_12.22 (1).pdf
STK2-7-2,Stockpile 2 MSE Wall Footing,STK2-7,2,barium,320,mg/kg,raw_detection,,,,,Table 1 - Stockpile 2 MSE Wall Footing Soil Analytical Results,214,S1908-01-01 Caltrans Modesto Stockpile Interim RACR_12.22 (1).pdf
STK2-7-2,Stockpile 2 MSE Wall Footing,STK2-7,2,lead,10,mg/kg,raw_detection,,,,,Table 1 - Stockpile 2 MSE Wall Footing Soil Analytical Results,214,S1908-01-01 Caltrans Modesto Stockpile Interim RACR_12.22 (1).pdf
STK2-7-3*,Stockpile 2 MSE Wall Footing,STK2-7,3,barium,110,mg/kg,raw_detection,,,yes,,Table 1 - Stockpile 2 MSE Wall Footing Soil Analytical Results,214,S1908-01-01 Caltrans Modesto Stockpile Interim RACR_12.22 (1).pdf
STK2-7-3*,Stockpile 2 MSE Wall Footing,STK2-7,3,lead,5.3,mg/kg,raw_detection,,,yes,,Table 1 - Stockpile 2 MSE Wall Footing Soil Analytical Results,214,S1908-01-01 Caltrans Modesto Stockpile Interim RACR_12.22 (1).pdf
STK2-7-4*,Stockpile 2 MSE Wall Footing,STK2-7,4,barium,140,mg/kg,raw_detection,,,yes,,Table 1 - Stockpile 2 MSE Wall Footing Soil Analytical Results,214,S1908-01-01 Caltrans Modesto Stockpile Interim RACR_12.22 (1).pdf
STK2-7-4*,Stockpile 2 MSE Wall Footing,STK2-7,4,lead,6.5,mg/kg,raw_detection,,,yes,,Table 1 - Stockpile 2 MSE Wall Footing Soil Analytical Results,214,S1908-01-01 Caltrans Modesto Stockpile Interim RACR_12.22 (1).pdf
,Stockpile 2 MSE Wall Footing,,,barium,120,mg/kg,max_site_specific_background,,,,,Table 1 - Stockpile 2 MSE Wall Footing Soil Analytical Results,214,S1908-01-01 Caltrans Modesto Stockpile Interim RACR_12.22 (1).pdf
,Stockpile 2 MSE Wall Footing,,,lead,3.8,mg/kg,max_site_specific_background,,,,,Table 1 - Stockpile 2 MSE Wall Footing Soil Analytical Results,214,S1908-01-01 Caltrans Modesto Stockpile Interim RACR_12.22 (1).pdf
,Stockpile 2 MSE Wall Footing,,,barium,"1,000",mg/kg,bcs_removal_verification_threshold,,,,,Table 1 - Stockpile 2 MSE Wall Footing Soil Analytical Results,214,S1908-01-01 Caltrans Modesto Stockpile Interim RACR_12.22 (1).pdf
,Stockpile 2 MSE Wall Footing,,,lead,80,mg/kg,bcs_removal_verification_threshold,,,,,Table 1 - Stockpile 2 MSE Wall Footing Soil Analytical Results,214,S1908-01-01 Caltrans Modesto Stockpile Interim RACR_12.22 (1).pdf
"CSF1, CSF2, CSF3-2",Carpenter Road Shoofly,"CSF1, CSF2, CSF3",2,barium,96,mg/kg,raw_detection,,,,,Table 1 - Carpenter Road Shoofly Soil Analytical Results,305,S1908-01-01 Caltrans Modesto Stockpile Interim RACR_12.22 (1).pdf
"CSF1, CSF2, CSF3-2",Carpenter Road Shoofly,"CSF1, CSF2, CSF3",2,lead,3.8,mg/kg,raw_detection,,,,,Table 1 - Carpenter Road Shoofly Soil Analytical Results,305,S1908-01-01 Caltrans Modesto Stockpile Interim RACR_12.22 (1).pdf
"CSF2, CSF2, CSF3-5",Carpenter Road Shoofly,"CSF2, CSF2, CSF3",5,barium,66,mg/kg,raw_detection,,,,,Table 1 - Carpenter Road Shoofly Soil Analytical Results,305,S1908-01-01 Caltrans Modesto Stockpile Interim RACR_12.22 (1).pdf
"CSF2, CSF2, CSF3-5",Carpenter Road Shoofly,"CSF2, CSF2, CSF3",5,lead,1.7,mg/kg,raw_detection,,,,,Table 1 - Carpenter Road Shoofly Soil Analytical Results,305,S1908-01-01 Caltrans Modesto Stockpile Interim RACR_12.22 (1).pdf
"CSF1, CSF2, CSF3-10",Carpenter Road Shoofly,"CSF1, CSF2, CSF3",10,barium,52,mg/kg,raw_detection,,,,,Table 1 - Carpenter Road Shoofly Soil Analytical Results,305,S1908-01-01 Caltrans Modesto Stockpile Interim RACR_12.22 (1).pdf
"CSF1, CSF2, CSF3-10",Carpenter Road Shoofly,"CSF1, CSF2, CSF3",10,lead,1.4,mg/kg,raw_detection,,,,,Table 1 - Carpenter Road Shoofly Soil Analytical Results,305,S1908-01-01 Caltrans Modesto Stockpile Interim RACR_12.22 (1).pdf
"CSF1, CSF2, CSF3-15",Carpenter Road Shoofly,"CSF1, CSF2, CSF3",15,barium,28,mg/kg,raw_detection,,,,,Table 1 - Carpenter Road Shoofly Soil Analytical Results,305,S1908-01-01 Caltrans Modesto Stockpile Interim RACR_12.22 (1).pdf
"CSF1, CSF2, CSF3-15",Carpenter Road Shoofly,"CSF1, CSF2, CSF3",15,lead,<1.3,mg/kg,raw_detection,yes,,,,Table 1 - Carpenter Road Shoofly Soil Analytical Results,305,S1908-01-01 Caltrans Modesto Stockpile Interim RACR_12.22 (1).pdf
"CSF4, CSF5, CSF6-2",Carpenter Road Shoofly,"CSF4, CSF5, CSF6",2,barium,74,mg/kg,raw_detection,,,,,Table 1 - Carpenter Road Shoofly Soil Analytical Results,305,S1908-01-01 Caltrans Modesto Stockpile Interim RACR_12.22 (1).pdf
"CSF4, CSF5, CSF6-2",Carpenter Road Shoofly,"CSF4, CSF5, CSF6",2,lead,2.9,mg/kg,raw_detection,,,,,Table 1 - Carpenter Road Shoofly Soil Analytical Results,305,S1908-01-01 Caltrans Modesto Stockpile Interim RACR_12.22 (1).pdf
"CSF4, CSF5, CSF6-5",Carpenter Road Shoofly,"CSF4, CSF5, CSF6",5,barium,74,mg/kg,raw_detection,,,,,Table 1 - Carpenter Road Shoofly Soil Analytical Results,305,S1908-01-01 Caltrans Modesto Stockpile Interim RACR_12.22 (1).pdf
"CSF4, CSF5, CSF6-5",Carpenter Road Shoofly,"CSF4, CSF5, CSF6",5,lead,2.0,mg/kg,raw_detection,,,,,Table 1 - Carpenter Road Shoofly Soil Analytical Results,305,S1908-01-01 Caltrans Modesto Stockpile Interim RACR_12.22 (1).pdf
"CSF4, CSF5, CSF6-10",Carpenter Road Shoofly,"CSF4, CSF5, CSF6",10,barium,80,mg/kg,raw_detection,,,,,Table 1 - Carpenter Road Shoofly Soil Analytical Results,305,S1908-01-01 Caltrans Modesto Stockpile Interim RACR_12.22 (1).pdf
"CSF4, CSF5, CSF6-10",Carpenter Road Shoofly,"CSF4, CSF5, CSF6",10,lead,3.2,mg/kg,raw_detection,,,,,Table 1 - Carpenter Road Shoofly Soil Analytical Results,305,S1908-01-01 Caltrans Modesto Stockpile Interim RACR_12.22 (1).pdf
"CSF4, CSF5, CSF6-15",Carpenter Road Shoofly,"CSF4, CSF5, CSF6",15,barium,39,mg/kg,raw_detection,,,,,Table 1 - Carpenter Road Shoofly Soil Analytical Results,305,S1908-01-01 Caltrans Modesto Stockpile Interim RACR_12.22 (1).pdf
"CSF4, CSF5, CSF6-15",Carpenter Road Shoofly,"CSF4, CSF5, CSF6",15,lead,1.6,mg/kg,raw_detection,,,,,Table 1 - Carpenter Road Shoofly Soil Analytical Results,305,S1908-01-01 Caltrans Modesto Stockpile Interim RACR_12.22 (1).pdf
,Carpenter Road Shoofly,,,barium,120,mg/kg,max_site_specific_background,,,,,Table 1 - Carpenter Road Shoofly Soil Analytical Results,305,S1908-01-01 Caltrans Modesto Stockpile Interim RACR_12.22 (1).pdf
,Carpenter Road Shoofly,,,lead,3.8,mg/kg,max_site_specific_background,,,,,Table 1 - Carpenter Road Shoofly Soil Analytical Results,305,S1908-01-01 Caltrans Modesto Stockpile Interim RACR_12.22 (1).pdf
