investigation_event,location,sample_id,depth_ft,is_background,analyte,value_mgkg,qualifier,value_type,notes
2012 SSI - Fenceline Borings (Sept 2012),Stockpile 1 - NORTH SIDE,FB1-0.0,0.0,False,Arsenic,0.83,,detection,"SSI Report Table 2 (Fenceline Borings - Title 22 Metals), PDF pp.35-38"
2012 SSI - Fenceline Borings (Sept 2012),Stockpile 1 - NORTH SIDE,FB1-0.0,0.0,False,Barium,230,,detection,"SSI Report Table 2 (Fenceline Borings - Title 22 Metals), PDF pp.35-38"
2012 SSI - Fenceline Borings (Sept 2012),Stockpile 1 - NORTH SIDE,FB1-0.0,0.0,False,Lead,14,,detection,"SSI Report Table 2 (Fenceline Borings - Title 22 Metals), PDF pp.35-38"
2012 SSI - Fenceline Borings (Sept 2012),Stockpile 1 - NORTH SIDE,FB1-0.0,0.0,False,Strontium,26,,detection,"SSI Report Table 2 (Fenceline Borings - Title 22 Metals), PDF pp.35-38"
2012 SSI - Fenceline Borings (Sept 2012),Stockpile 1 - NORTH SIDE,FB1-3.0,3.0,False,Arsenic,0.25,ND,detection,"SSI Report Table 2 (Fenceline Borings - Title 22 Metals), PDF pp.35-38"
2012 SSI - Fenceline Borings (Sept 2012),Stockpile 1 - NORTH SIDE,FB1-3.0,3.0,False,Barium,77,,detection,"SSI Report Table 2 (Fenceline Borings - Title 22 Metals), PDF pp.35-38"
2012 SSI - Fenceline Borings (Sept 2012),Stockpile 1 - NORTH SIDE,FB1-3.0,3.0,False,Lead,1.9,,detection,"SSI Report Table 2 (Fenceline Borings - Title 22 Metals), PDF pp.35-38"
2012 SSI - Fenceline Borings (Sept 2012),Stockpile 1 - NORTH SIDE,FB1-3.0,3.0,False,Strontium,21,,detection,"SSI Report Table 2 (Fenceline Borings - Title 22 Metals), PDF pp.35-38"
2012 SSI - Fenceline Borings (Sept 2012),Stockpile 1 - NORTH SIDE,FB2-0.0,0.0,False,Arsenic,0.85,,detection,"SSI Report Table 2 (Fenceline Borings - Title 22 Metals), PDF pp.35-38"
2012 SSI - Fenceline Borings (Sept 2012),Stockpile 1 - NORTH SIDE,FB2-0.0,0.0,False,Barium,180,,detection,"SSI Report Table 2 (Fenceline Borings - Title 22 Metals), PDF pp.35-38"
2012 SSI - Fenceline Borings (Sept 2012),Stockpile 1 - NORTH SIDE,FB2-0.0,0.0,False,Lead,16,,detection,"SSI Report Table 2 (Fenceline Borings - Title 22 Metals), PDF pp.35-38"
2012 SSI - Fenceline Borings (Sept 2012),Stockpile 1 - NORTH SIDE,FB2-0.0,0.0,False,Strontium,30,,detection,"SSI Report Table 2 (Fenceline Borings - Title 22 Metals), PDF pp.35-38"
2012 SSI - Fenceline Borings (Sept 2012),Stockpile 1 - NORTH SIDE,FB2-4.0,4.0,False,Arsenic,1.0,,detection,"SSI Report Table 2 (Fenceline Borings - Title 22 Metals), PDF pp.35-38"
2012 SSI - Fenceline Borings (Sept 2012),Stockpile 1 - NORTH SIDE,FB2-4.0,4.0,False,Barium,43,,detection,"SSI Report Table 2 (Fenceline Borings - Title 22 Metals), PDF pp.35-38"
2012 SSI - Fenceline Borings (Sept 2012),Stockpile 1 - NORTH SIDE,FB2-4.0,4.0,False,Lead,1.1,,detection,"SSI Report Table 2 (Fenceline Borings - Title 22 Metals), PDF pp.35-38"
2012 SSI - Fenceline Borings (Sept 2012),Stockpile 1 - NORTH SIDE,FB2-4.0,4.0,False,Strontium,19,,detection,"SSI Report Table 2 (Fenceline Borings - Title 22 Metals), PDF pp.35-38"
2012 SSI - Fenceline Borings (Sept 2012),Stockpile 1 - NORTH SIDE,FB3-0.0,0.0,False,Arsenic,0.53,,detection,"SSI Report Table 2 (Fenceline Borings - Title 22 Metals), PDF pp.35-38"
2012 SSI - Fenceline Borings (Sept 2012),Stockpile 1 - NORTH SIDE,FB3-0.0,0.0,False,Barium,190,,detection,"SSI Report Table 2 (Fenceline Borings - Title 22 Metals), PDF pp.35-38"
2012 SSI - Fenceline Borings (Sept 2012),Stockpile 1 - NORTH SIDE,FB3-0.0,0.0,False,Lead,5.4,,detection,"SSI Report Table 2 (Fenceline Borings - Title 22 Metals), PDF pp.35-38"
2012 SSI - Fenceline Borings (Sept 2012),Stockpile 1 - NORTH SIDE,FB3-0.0,0.0,False,Strontium,20,,detection,"SSI Report Table 2 (Fenceline Borings - Title 22 Metals), PDF pp.35-38"
2012 SSI - Fenceline Borings (Sept 2012),Stockpile 1 - NORTH SIDE,FB3-4.0,4.0,False,Arsenic,0.25,,detection,"SSI Report Table 2 (Fenceline Borings - Title 22 Metals), PDF pp.35-38"
2012 SSI - Fenceline Borings (Sept 2012),Stockpile 1 - NORTH SIDE,FB3-4.0,4.0,False,Barium,120,,detection,"SSI Report Table 2 (Fenceline Borings - Title 22 Metals), PDF pp.35-38"
2012 SSI - Fenceline Borings (Sept 2012),Stockpile 1 - NORTH SIDE,FB3-4.0,4.0,False,Lead,2.4,,detection,"SSI Report Table 2 (Fenceline Borings - Title 22 Metals), PDF pp.35-38"
2012 SSI - Fenceline Borings (Sept 2012),Stockpile 1 - NORTH SIDE,FB3-4.0,4.0,False,Strontium,18,,detection,"SSI Report Table 2 (Fenceline Borings - Title 22 Metals), PDF pp.35-38"
2012 SSI - Fenceline Borings (Sept 2012),Stockpile 1 - NORTH SIDE,FB4-0.0,0.0,False,Arsenic,0.94,,detection,"SSI Report Table 2 (Fenceline Borings - Title 22 Metals), PDF pp.35-38"
2012 SSI - Fenceline Borings (Sept 2012),Stockpile 1 - NORTH SIDE,FB4-0.0,0.0,False,Barium,240,,detection,"SSI Report Table 2 (Fenceline Borings - Title 22 Metals), PDF pp.35-38"
2012 SSI - Fenceline Borings (Sept 2012),Stockpile 1 - NORTH SIDE,FB4-0.0,0.0,False,Lead,16,,detection,"SSI Report Table 2 (Fenceline Borings - Title 22 Metals), PDF pp.35-38"
2012 SSI - Fenceline Borings (Sept 2012),Stockpile 1 - NORTH SIDE,FB4-0.0,0.0,False,Strontium,61,,detection,"SSI Report Table 2 (Fenceline Borings - Title 22 Metals), PDF pp.35-38"
2012 SSI - Fenceline Borings (Sept 2012),Stockpile 1 - NORTH SIDE,FB4-2.0,2.0,False,Arsenic,0.41,,detection,"SSI Report Table 2 (Fenceline Borings - Title 22 Metals), PDF pp.35-38"
2012 SSI - Fenceline Borings (Sept 2012),Stockpile 1 - NORTH SIDE,FB4-2.0,2.0,False,Barium,120,,detection,"SSI Report Table 2 (Fenceline Borings - Title 22 Metals), PDF pp.35-38"
2012 SSI - Fenceline Borings (Sept 2012),Stockpile 1 - NORTH SIDE,FB4-2.0,2.0,False,Lead,10,,detection,"SSI Report Table 2 (Fenceline Borings - Title 22 Metals), PDF pp.35-38"
2012 SSI - Fenceline Borings (Sept 2012),Stockpile 1 - NORTH SIDE,FB4-2.0,2.0,False,Strontium,26,,detection,"SSI Report Table 2 (Fenceline Borings - Title 22 Metals), PDF pp.35-38"
2012 SSI - Fenceline Borings (Sept 2012),Stockpile 1 - SOUTH SIDE,FB5-0.0,0.0,False,Arsenic,1.3,,detection,"SSI Report Table 2 (Fenceline Borings - Title 22 Metals), PDF pp.35-38"
2012 SSI - Fenceline Borings (Sept 2012),Stockpile 1 - SOUTH SIDE,FB5-0.0,0.0,False,Barium,200,,detection,"SSI Report Table 2 (Fenceline Borings - Title 22 Metals), PDF pp.35-38"
2012 SSI - Fenceline Borings (Sept 2012),Stockpile 1 - SOUTH SIDE,FB5-0.0,0.0,False,Lead,17,,detection,"SSI Report Table 2 (Fenceline Borings - Title 22 Metals), PDF pp.35-38"
2012 SSI - Fenceline Borings (Sept 2012),Stockpile 1 - SOUTH SIDE,FB5-0.0,0.0,False,Strontium,31,,detection,"SSI Report Table 2 (Fenceline Borings - Title 22 Metals), PDF pp.35-38"
2012 SSI - Fenceline Borings (Sept 2012),Stockpile 1 - SOUTH SIDE,FB5-4.0,4.0,False,Arsenic,0.74,,detection,"SSI Report Table 2 (Fenceline Borings - Title 22 Metals), PDF pp.35-38"
2012 SSI - Fenceline Borings (Sept 2012),Stockpile 1 - SOUTH SIDE,FB5-4.0,4.0,False,Barium,52,,detection,"SSI Report Table 2 (Fenceline Borings - Title 22 Metals), PDF pp.35-38"
2012 SSI - Fenceline Borings (Sept 2012),Stockpile 1 - SOUTH SIDE,FB5-4.0,4.0,False,Lead,1.6,,detection,"SSI Report Table 2 (Fenceline Borings - Title 22 Metals), PDF pp.35-38"
2012 SSI - Fenceline Borings (Sept 2012),Stockpile 1 - SOUTH SIDE,FB5-4.0,4.0,False,Strontium,28,,detection,"SSI Report Table 2 (Fenceline Borings - Title 22 Metals), PDF pp.35-38"
2012 SSI - Fenceline Borings (Sept 2012),Stockpile 1 - SOUTH SIDE,FB6-0.0,0.0,False,Arsenic,0.53,,detection,"SSI Report Table 2 (Fenceline Borings - Title 22 Metals), PDF pp.35-38"
2012 SSI - Fenceline Borings (Sept 2012),Stockpile 1 - SOUTH SIDE,FB6-0.0,0.0,False,Barium,140,,detection,"SSI Report Table 2 (Fenceline Borings - Title 22 Metals), PDF pp.35-38"
2012 SSI - Fenceline Borings (Sept 2012),Stockpile 1 - SOUTH SIDE,FB6-0.0,0.0,False,Lead,5.7,,detection,"SSI Report Table 2 (Fenceline Borings - Title 22 Metals), PDF pp.35-38"
2012 SSI - Fenceline Borings (Sept 2012),Stockpile 1 - SOUTH SIDE,FB6-0.0,0.0,False,Strontium,28,,detection,"SSI Report Table 2 (Fenceline Borings - Title 22 Metals), PDF pp.35-38"
2012 SSI - Fenceline Borings (Sept 2012),Stockpile 1 - SOUTH SIDE,FB6-4.0,4.0,False,Arsenic,0.54,,detection,"SSI Report Table 2 (Fenceline Borings - Title 22 Metals), PDF pp.35-38"
2012 SSI - Fenceline Borings (Sept 2012),Stockpile 1 - SOUTH SIDE,FB6-4.0,4.0,False,Barium,60,,detection,"SSI Report Table 2 (Fenceline Borings - Title 22 Metals), PDF pp.35-38"
2012 SSI - Fenceline Borings (Sept 2012),Stockpile 1 - SOUTH SIDE,FB6-4.0,4.0,False,Lead,1.7,,detection,"SSI Report Table 2 (Fenceline Borings - Title 22 Metals), PDF pp.35-38"
2012 SSI - Fenceline Borings (Sept 2012),Stockpile 1 - SOUTH SIDE,FB6-4.0,4.0,False,Strontium,39,,detection,"SSI Report Table 2 (Fenceline Borings - Title 22 Metals), PDF pp.35-38"
2012 SSI - Fenceline Borings (Sept 2012),Stockpile 1 - SOUTH SIDE,FB7-0.0,0.0,False,Arsenic,0.85,,detection,"SSI Report Table 2 (Fenceline Borings - Title 22 Metals), PDF pp.35-38"
2012 SSI - Fenceline Borings (Sept 2012),Stockpile 1 - SOUTH SIDE,FB7-0.0,0.0,False,Barium,150,,detection,"SSI Report Table 2 (Fenceline Borings - Title 22 Metals), PDF pp.35-38"
2012 SSI - Fenceline Borings (Sept 2012),Stockpile 1 - SOUTH SIDE,FB7-0.0,0.0,False,Lead,9.6,,detection,"SSI Report Table 2 (Fenceline Borings - Title 22 Metals), PDF pp.35-38"
2012 SSI - Fenceline Borings (Sept 2012),Stockpile 1 - SOUTH SIDE,FB7-0.0,0.0,False,Strontium,27,,detection,"SSI Report Table 2 (Fenceline Borings - Title 22 Metals), PDF pp.35-38"
2012 SSI - Fenceline Borings (Sept 2012),Stockpile 1 - SOUTH SIDE,FB7-2.0,2.0,False,Arsenic,0.38,,detection,"SSI Report Table 2 (Fenceline Borings - Title 22 Metals), PDF pp.35-38"
2012 SSI - Fenceline Borings (Sept 2012),Stockpile 1 - SOUTH SIDE,FB7-2.0,2.0,False,Barium,79,,detection,"SSI Report Table 2 (Fenceline Borings - Title 22 Metals), PDF pp.35-38"
2012 SSI - Fenceline Borings (Sept 2012),Stockpile 1 - SOUTH SIDE,FB7-2.0,2.0,False,Lead,1.9,,detection,"SSI Report Table 2 (Fenceline Borings - Title 22 Metals), PDF pp.35-38"
2012 SSI - Fenceline Borings (Sept 2012),Stockpile 1 - SOUTH SIDE,FB7-2.0,2.0,False,Strontium,110,,detection,"SSI Report Table 2 (Fenceline Borings - Title 22 Metals), PDF pp.35-38"
2012 SSI - Fenceline Borings (Sept 2012),Stockpile 1 - SOUTH SIDE,FB8-0.0,0.0,False,Arsenic,0.58,,detection,"SSI Report Table 2 (Fenceline Borings - Title 22 Metals), PDF pp.35-38"
2012 SSI - Fenceline Borings (Sept 2012),Stockpile 1 - SOUTH SIDE,FB8-0.0,0.0,False,Barium,180,,detection,"SSI Report Table 2 (Fenceline Borings - Title 22 Metals), PDF pp.35-38"
2012 SSI - Fenceline Borings (Sept 2012),Stockpile 1 - SOUTH SIDE,FB8-0.0,0.0,False,Lead,9.2,,detection,"SSI Report Table 2 (Fenceline Borings - Title 22 Metals), PDF pp.35-38"
2012 SSI - Fenceline Borings (Sept 2012),Stockpile 1 - SOUTH SIDE,FB8-0.0,0.0,False,Strontium,27,,detection,"SSI Report Table 2 (Fenceline Borings - Title 22 Metals), PDF pp.35-38"
2012 SSI - Fenceline Borings (Sept 2012),Stockpile 1 - SOUTH SIDE,FB8-4.0,4.0,False,Arsenic,0.31,,detection,"SSI Report Table 2 (Fenceline Borings - Title 22 Metals), PDF pp.35-38"
2012 SSI - Fenceline Borings (Sept 2012),Stockpile 1 - SOUTH SIDE,FB8-4.0,4.0,False,Barium,120,,detection,"SSI Report Table 2 (Fenceline Borings - Title 22 Metals), PDF pp.35-38"
2012 SSI - Fenceline Borings (Sept 2012),Stockpile 1 - SOUTH SIDE,FB8-4.0,4.0,False,Lead,1.5,,detection,"SSI Report Table 2 (Fenceline Borings - Title 22 Metals), PDF pp.35-38"
2012 SSI - Fenceline Borings (Sept 2012),Stockpile 1 - SOUTH SIDE,FB8-4.0,4.0,False,Strontium,150,,detection,"SSI Report Table 2 (Fenceline Borings - Title 22 Metals), PDF pp.35-38"
2012 SSI - Fenceline Borings (Sept 2012),Stockpile 1 - SOUTH SIDE,FB9-0.0,0.0,False,Arsenic,0.87,,detection,"SSI Report Table 2 (Fenceline Borings - Title 22 Metals), PDF pp.35-38"
2012 SSI - Fenceline Borings (Sept 2012),Stockpile 1 - SOUTH SIDE,FB9-0.0,0.0,False,Barium,150,,detection,"SSI Report Table 2 (Fenceline Borings - Title 22 Metals), PDF pp.35-38"
2012 SSI - Fenceline Borings (Sept 2012),Stockpile 1 - SOUTH SIDE,FB9-0.0,0.0,False,Lead,16,,detection,"SSI Report Table 2 (Fenceline Borings - Title 22 Metals), PDF pp.35-38"
2012 SSI - Fenceline Borings (Sept 2012),Stockpile 1 - SOUTH SIDE,FB9-0.0,0.0,False,Strontium,31,,detection,"SSI Report Table 2 (Fenceline Borings - Title 22 Metals), PDF pp.35-38"
2012 SSI - Fenceline Borings (Sept 2012),Stockpile 1 - SOUTH SIDE,FB9-4.0,4.0,False,Arsenic,0.34,,detection,"SSI Report Table 2 (Fenceline Borings - Title 22 Metals), PDF pp.35-38"
2012 SSI - Fenceline Borings (Sept 2012),Stockpile 1 - SOUTH SIDE,FB9-4.0,4.0,False,Barium,92,,detection,"SSI Report Table 2 (Fenceline Borings - Title 22 Metals), PDF pp.35-38"
2012 SSI - Fenceline Borings (Sept 2012),Stockpile 1 - SOUTH SIDE,FB9-4.0,4.0,False,Lead,1.6,,detection,"SSI Report Table 2 (Fenceline Borings - Title 22 Metals), PDF pp.35-38"
2012 SSI - Fenceline Borings (Sept 2012),Stockpile 1 - SOUTH SIDE,FB9-4.0,4.0,False,Strontium,190,,detection,"SSI Report Table 2 (Fenceline Borings - Title 22 Metals), PDF pp.35-38"
2012 SSI - Fenceline Borings (Sept 2012),Stockpile 2 - NORTH SIDE,FB10-0.0,0.0,False,Arsenic,1.1,,detection,"SSI Report Table 2 (Fenceline Borings - Title 22 Metals), PDF pp.35-38"
2012 SSI - Fenceline Borings (Sept 2012),Stockpile 2 - NORTH SIDE,FB10-0.0,0.0,False,Barium,1500,,detection,"SSI Report Table 2 (Fenceline Borings - Title 22 Metals), PDF pp.35-38"
2012 SSI - Fenceline Borings (Sept 2012),Stockpile 2 - NORTH SIDE,FB10-0.0,0.0,False,Lead,44,,detection,"SSI Report Table 2 (Fenceline Borings - Title 22 Metals), PDF pp.35-38"
2012 SSI - Fenceline Borings (Sept 2012),Stockpile 2 - NORTH SIDE,FB10-0.0,0.0,False,Strontium,44,,detection,"SSI Report Table 2 (Fenceline Borings - Title 22 Metals), PDF pp.35-38"
2012 SSI - Fenceline Borings (Sept 2012),Stockpile 2 - NORTH SIDE,FB10-4.0,4.0,False,Arsenic,0.77,,detection,"SSI Report Table 2 (Fenceline Borings - Title 22 Metals), PDF pp.35-38"
2012 SSI - Fenceline Borings (Sept 2012),Stockpile 2 - NORTH SIDE,FB10-4.0,4.0,False,Barium,680,,detection,"SSI Report Table 2 (Fenceline Borings - Title 22 Metals), PDF pp.35-38"
2012 SSI - Fenceline Borings (Sept 2012),Stockpile 2 - NORTH SIDE,FB10-4.0,4.0,False,Lead,20,,detection,"SSI Report Table 2 (Fenceline Borings - Title 22 Metals), PDF pp.35-38"
2012 SSI - Fenceline Borings (Sept 2012),Stockpile 2 - NORTH SIDE,FB10-4.0,4.0,False,Strontium,57,,detection,"SSI Report Table 2 (Fenceline Borings - Title 22 Metals), PDF pp.35-38"
2012 SSI - Fenceline Borings (Sept 2012),Stockpile 2 - NORTH SIDE,FB11-0.0,0.0,False,Arsenic,0.92,,detection,"SSI Report Table 2 (Fenceline Borings - Title 22 Metals), PDF pp.35-38"
2012 SSI - Fenceline Borings (Sept 2012),Stockpile 2 - NORTH SIDE,FB11-0.0,0.0,False,Barium,4300,,detection,"SSI Report Table 2 (Fenceline Borings - Title 22 Metals), PDF pp.35-38"
2012 SSI - Fenceline Borings (Sept 2012),Stockpile 2 - NORTH SIDE,FB11-0.0,0.0,False,Lead,35,,detection,"SSI Report Table 2 (Fenceline Borings - Title 22 Metals), PDF pp.35-38"
2012 SSI - Fenceline Borings (Sept 2012),Stockpile 2 - NORTH SIDE,FB11-0.0,0.0,False,Strontium,110,,detection,"SSI Report Table 2 (Fenceline Borings - Title 22 Metals), PDF pp.35-38"
2012 SSI - Fenceline Borings (Sept 2012),Stockpile 2 - NORTH SIDE,FB11-4.0,4.0,False,Arsenic,0.38,,detection,"SSI Report Table 2 (Fenceline Borings - Title 22 Metals), PDF pp.35-38"
2012 SSI - Fenceline Borings (Sept 2012),Stockpile 2 - NORTH SIDE,FB11-4.0,4.0,False,Barium,590,,detection,"SSI Report Table 2 (Fenceline Borings - Title 22 Metals), PDF pp.35-38"
2012 SSI - Fenceline Borings (Sept 2012),Stockpile 2 - NORTH SIDE,FB11-4.0,4.0,False,Lead,5.9,,detection,"SSI Report Table 2 (Fenceline Borings - Title 22 Metals), PDF pp.35-38"
2012 SSI - Fenceline Borings (Sept 2012),Stockpile 2 - NORTH SIDE,FB11-4.0,4.0,False,Strontium,38,,detection,"SSI Report Table 2 (Fenceline Borings - Title 22 Metals), PDF pp.35-38"
2012 SSI - Fenceline Borings (Sept 2012),Stockpile 2 - NORTH SIDE,FB12-0.0,0.0,False,Arsenic,0.59,,detection,"SSI Report Table 2 (Fenceline Borings - Title 22 Metals), PDF pp.35-38"
2012 SSI - Fenceline Borings (Sept 2012),Stockpile 2 - NORTH SIDE,FB12-0.0,0.0,False,Barium,1500,,detection,"SSI Report Table 2 (Fenceline Borings - Title 22 Metals), PDF pp.35-38"
2012 SSI - Fenceline Borings (Sept 2012),Stockpile 2 - NORTH SIDE,FB12-0.0,0.0,False,Lead,14,,detection,"SSI Report Table 2 (Fenceline Borings - Title 22 Metals), PDF pp.35-38"
2012 SSI - Fenceline Borings (Sept 2012),Stockpile 2 - NORTH SIDE,FB12-0.0,0.0,False,Strontium,25,,detection,"SSI Report Table 2 (Fenceline Borings - Title 22 Metals), PDF pp.35-38"
2012 SSI - Fenceline Borings (Sept 2012),Stockpile 2 - NORTH SIDE,FB12-4.0,4.0,False,Arsenic,0.25,ND,detection,"SSI Report Table 2 (Fenceline Borings - Title 22 Metals), PDF pp.35-38"
2012 SSI - Fenceline Borings (Sept 2012),Stockpile 2 - NORTH SIDE,FB12-4.0,4.0,False,Barium,140,,detection,"SSI Report Table 2 (Fenceline Borings - Title 22 Metals), PDF pp.35-38"
2012 SSI - Fenceline Borings (Sept 2012),Stockpile 2 - NORTH SIDE,FB12-4.0,4.0,False,Lead,1.9,,detection,"SSI Report Table 2 (Fenceline Borings - Title 22 Metals), PDF pp.35-38"
2012 SSI - Fenceline Borings (Sept 2012),Stockpile 2 - NORTH SIDE,FB12-4.0,4.0,False,Strontium,15,,detection,"SSI Report Table 2 (Fenceline Borings - Title 22 Metals), PDF pp.35-38"
2012 SSI - Fenceline Borings (Sept 2012),Stockpile 2 - NORTH SIDE,FB13-0.0,0.0,False,Arsenic,0.80,,detection,"SSI Report Table 2 (Fenceline Borings - Title 22 Metals), PDF pp.35-38"
2012 SSI - Fenceline Borings (Sept 2012),Stockpile 2 - NORTH SIDE,FB13-0.0,0.0,False,Barium,1900,,detection,"SSI Report Table 2 (Fenceline Borings - Title 22 Metals), PDF pp.35-38"
2012 SSI - Fenceline Borings (Sept 2012),Stockpile 2 - NORTH SIDE,FB13-0.0,0.0,False,Lead,10,,detection,"SSI Report Table 2 (Fenceline Borings - Title 22 Metals), PDF pp.35-38"
2012 SSI - Fenceline Borings (Sept 2012),Stockpile 2 - NORTH SIDE,FB13-0.0,0.0,False,Strontium,37,,detection,"SSI Report Table 2 (Fenceline Borings - Title 22 Metals), PDF pp.35-38"
2012 SSI - Fenceline Borings (Sept 2012),Stockpile 2 - NORTH SIDE,FB13-4.0,4.0,False,Arsenic,0.34,,detection,"SSI Report Table 2 (Fenceline Borings - Title 22 Metals), PDF pp.35-38"
2012 SSI - Fenceline Borings (Sept 2012),Stockpile 2 - NORTH SIDE,FB13-4.0,4.0,False,Barium,560,,detection,"SSI Report Table 2 (Fenceline Borings - Title 22 Metals), PDF pp.35-38"
2012 SSI - Fenceline Borings (Sept 2012),Stockpile 2 - NORTH SIDE,FB13-4.0,4.0,False,Lead,3.6,,detection,"SSI Report Table 2 (Fenceline Borings - Title 22 Metals), PDF pp.35-38"
2012 SSI - Fenceline Borings (Sept 2012),Stockpile 2 - NORTH SIDE,FB13-4.0,4.0,False,Strontium,24,,detection,"SSI Report Table 2 (Fenceline Borings - Title 22 Metals), PDF pp.35-38"
2012 SSI - Fenceline Borings (Sept 2012),Stockpile 2 - NORTH SIDE,FB14-0.0,0.0,False,Arsenic,0.66,,detection,"SSI Report Table 2 (Fenceline Borings - Title 22 Metals), PDF pp.35-38"
2012 SSI - Fenceline Borings (Sept 2012),Stockpile 2 - NORTH SIDE,FB14-0.0,0.0,False,Barium,540,,detection,"SSI Report Table 2 (Fenceline Borings - Title 22 Metals), PDF pp.35-38"
2012 SSI - Fenceline Borings (Sept 2012),Stockpile 2 - NORTH SIDE,FB14-0.0,0.0,False,Lead,10,,detection,"SSI Report Table 2 (Fenceline Borings - Title 22 Metals), PDF pp.35-38"
2012 SSI - Fenceline Borings (Sept 2012),Stockpile 2 - NORTH SIDE,FB14-0.0,0.0,False,Strontium,48,,detection,"SSI Report Table 2 (Fenceline Borings - Title 22 Metals), PDF pp.35-38"
2012 SSI - Fenceline Borings (Sept 2012),Stockpile 2 - NORTH SIDE,FB14-3.0,3.0,False,Arsenic,0.45,,detection,"SSI Report Table 2 (Fenceline Borings - Title 22 Metals), PDF pp.35-38"
2012 SSI - Fenceline Borings (Sept 2012),Stockpile 2 - NORTH SIDE,FB14-3.0,3.0,False,Barium,94,,detection,"SSI Report Table 2 (Fenceline Borings - Title 22 Metals), PDF pp.35-38"
2012 SSI - Fenceline Borings (Sept 2012),Stockpile 2 - NORTH SIDE,FB14-3.0,3.0,False,Lead,1.2,,detection,"SSI Report Table 2 (Fenceline Borings - Title 22 Metals), PDF pp.35-38"
2012 SSI - Fenceline Borings (Sept 2012),Stockpile 2 - NORTH SIDE,FB14-3.0,3.0,False,Strontium,190,,detection,"SSI Report Table 2 (Fenceline Borings - Title 22 Metals), PDF pp.35-38"
2012 SSI - Fenceline Borings (Sept 2012),Stockpile 2 - NORTH SIDE,FB15-0.0,0.0,False,Arsenic,0.67,,detection,"SSI Report Table 2 (Fenceline Borings - Title 22 Metals), PDF pp.35-38"
2012 SSI - Fenceline Borings (Sept 2012),Stockpile 2 - NORTH SIDE,FB15-0.0,0.0,False,Barium,1000,,detection,"SSI Report Table 2 (Fenceline Borings - Title 22 Metals), PDF pp.35-38"
2012 SSI - Fenceline Borings (Sept 2012),Stockpile 2 - NORTH SIDE,FB15-0.0,0.0,False,Lead,11,,detection,"SSI Report Table 2 (Fenceline Borings - Title 22 Metals), PDF pp.35-38"
2012 SSI - Fenceline Borings (Sept 2012),Stockpile 2 - NORTH SIDE,FB15-0.0,0.0,False,Strontium,44,,detection,"SSI Report Table 2 (Fenceline Borings - Title 22 Metals), PDF pp.35-38"
2012 SSI - Fenceline Borings (Sept 2012),Stockpile 2 - NORTH SIDE,FB15-4.0,4.0,False,Arsenic,0.25,ND,detection,"SSI Report Table 2 (Fenceline Borings - Title 22 Metals), PDF pp.35-38"
2012 SSI - Fenceline Borings (Sept 2012),Stockpile 2 - NORTH SIDE,FB15-4.0,4.0,False,Barium,140,,detection,"SSI Report Table 2 (Fenceline Borings - Title 22 Metals), PDF pp.35-38"
2012 SSI - Fenceline Borings (Sept 2012),Stockpile 2 - NORTH SIDE,FB15-4.0,4.0,False,Lead,2.2,,detection,"SSI Report Table 2 (Fenceline Borings - Title 22 Metals), PDF pp.35-38"
2012 SSI - Fenceline Borings (Sept 2012),Stockpile 2 - NORTH SIDE,FB15-4.0,4.0,False,Strontium,22,,detection,"SSI Report Table 2 (Fenceline Borings - Title 22 Metals), PDF pp.35-38"
2012 SSI - Fenceline Borings (Sept 2012),Stockpile 2 - NORTH SIDE,FB16-0.0,0.0,False,Arsenic,0.79,,detection,"SSI Report Table 2 (Fenceline Borings - Title 22 Metals), PDF pp.35-38"
2012 SSI - Fenceline Borings (Sept 2012),Stockpile 2 - NORTH SIDE,FB16-0.0,0.0,False,Barium,1200,,detection,"SSI Report Table 2 (Fenceline Borings - Title 22 Metals), PDF pp.35-38"
2012 SSI - Fenceline Borings (Sept 2012),Stockpile 2 - NORTH SIDE,FB16-0.0,0.0,False,Lead,10,,detection,"SSI Report Table 2 (Fenceline Borings - Title 22 Metals), PDF pp.35-38"
2012 SSI - Fenceline Borings (Sept 2012),Stockpile 2 - NORTH SIDE,FB16-0.0,0.0,False,Strontium,35,,detection,"SSI Report Table 2 (Fenceline Borings - Title 22 Metals), PDF pp.35-38"
2012 SSI - Fenceline Borings (Sept 2012),Stockpile 2 - NORTH SIDE,FB16-4.0,4.0,False,Arsenic,0.51,,detection,"SSI Report Table 2 (Fenceline Borings - Title 22 Metals), PDF pp.35-38"
2012 SSI - Fenceline Borings (Sept 2012),Stockpile 2 - NORTH SIDE,FB16-4.0,4.0,False,Barium,470,,detection,"SSI Report Table 2 (Fenceline Borings - Title 22 Metals), PDF pp.35-38"
2012 SSI - Fenceline Borings (Sept 2012),Stockpile 2 - NORTH SIDE,FB16-4.0,4.0,False,Lead,5.2,,detection,"SSI Report Table 2 (Fenceline Borings - Title 22 Metals), PDF pp.35-38"
2012 SSI - Fenceline Borings (Sept 2012),Stockpile 2 - NORTH SIDE,FB16-4.0,4.0,False,Strontium,27,,detection,"SSI Report Table 2 (Fenceline Borings - Title 22 Metals), PDF pp.35-38"
2012 SSI - Fenceline Borings (Sept 2012),Stockpile 2 - NORTH SIDE,FB17-0.0,0.0,False,Arsenic,0.72,,detection,"SSI Report Table 2 (Fenceline Borings - Title 22 Metals), PDF pp.35-38"
2012 SSI - Fenceline Borings (Sept 2012),Stockpile 2 - NORTH SIDE,FB17-0.0,0.0,False,Barium,270,,detection,"SSI Report Table 2 (Fenceline Borings - Title 22 Metals), PDF pp.35-38"
2012 SSI - Fenceline Borings (Sept 2012),Stockpile 2 - NORTH SIDE,FB17-0.0,0.0,False,Lead,16,,detection,"SSI Report Table 2 (Fenceline Borings - Title 22 Metals), PDF pp.35-38"
2012 SSI - Fenceline Borings (Sept 2012),Stockpile 2 - NORTH SIDE,FB17-0.0,0.0,False,Strontium,23,,detection,"SSI Report Table 2 (Fenceline Borings - Title 22 Metals), PDF pp.35-38"
2012 SSI - Fenceline Borings (Sept 2012),Stockpile 2 - NORTH SIDE,FB17-4.0,4.0,False,Arsenic,0.27,,detection,"SSI Report Table 2 (Fenceline Borings - Title 22 Metals), PDF pp.35-38"
2012 SSI - Fenceline Borings (Sept 2012),Stockpile 2 - NORTH SIDE,FB17-4.0,4.0,False,Barium,65,,detection,"SSI Report Table 2 (Fenceline Borings - Title 22 Metals), PDF pp.35-38"
2012 SSI - Fenceline Borings (Sept 2012),Stockpile 2 - NORTH SIDE,FB17-4.0,4.0,False,Lead,3.0,,detection,"SSI Report Table 2 (Fenceline Borings - Title 22 Metals), PDF pp.35-38"
2012 SSI - Fenceline Borings (Sept 2012),Stockpile 2 - NORTH SIDE,FB17-4.0,4.0,False,Strontium,35,,detection,"SSI Report Table 2 (Fenceline Borings - Title 22 Metals), PDF pp.35-38"
2012 SSI - Fenceline Borings (Sept 2012),Stockpile 2 - SOUTH SIDE,FB18-0.0,0.0,False,Arsenic,0.77,,detection,"SSI Report Table 2 (Fenceline Borings - Title 22 Metals), PDF pp.35-38"
2012 SSI - Fenceline Borings (Sept 2012),Stockpile 2 - SOUTH SIDE,FB18-0.0,0.0,False,Barium,370,,detection,"SSI Report Table 2 (Fenceline Borings - Title 22 Metals), PDF pp.35-38"
2012 SSI - Fenceline Borings (Sept 2012),Stockpile 2 - SOUTH SIDE,FB18-0.0,0.0,False,Lead,26,,detection,"SSI Report Table 2 (Fenceline Borings - Title 22 Metals), PDF pp.35-38"
2012 SSI - Fenceline Borings (Sept 2012),Stockpile 2 - SOUTH SIDE,FB18-0.0,0.0,False,Strontium,32,,detection,"SSI Report Table 2 (Fenceline Borings - Title 22 Metals), PDF pp.35-38"
2012 SSI - Fenceline Borings (Sept 2012),Stockpile 2 - SOUTH SIDE,FB18-2.0,2.0,False,Arsenic,0.61,,detection,"SSI Report Table 2 (Fenceline Borings - Title 22 Metals), PDF pp.35-38"
2012 SSI - Fenceline Borings (Sept 2012),Stockpile 2 - SOUTH SIDE,FB18-2.0,2.0,False,Barium,100,,detection,"SSI Report Table 2 (Fenceline Borings - Title 22 Metals), PDF pp.35-38"
2012 SSI - Fenceline Borings (Sept 2012),Stockpile 2 - SOUTH SIDE,FB18-2.0,2.0,False,Lead,1.8,,detection,"SSI Report Table 2 (Fenceline Borings - Title 22 Metals), PDF pp.35-38"
2012 SSI - Fenceline Borings (Sept 2012),Stockpile 2 - SOUTH SIDE,FB18-2.0,2.0,False,Strontium,270,,detection,"SSI Report Table 2 (Fenceline Borings - Title 22 Metals), PDF pp.35-38"
2012 SSI - Fenceline Borings (Sept 2012),Stockpile 2 - SOUTH SIDE,FB19-0.0,0.0,False,Arsenic,1.6,,detection,"SSI Report Table 2 (Fenceline Borings - Title 22 Metals), PDF pp.35-38"
2012 SSI - Fenceline Borings (Sept 2012),Stockpile 2 - SOUTH SIDE,FB19-0.0,0.0,False,Barium,250,,detection,"SSI Report Table 2 (Fenceline Borings - Title 22 Metals), PDF pp.35-38"
2012 SSI - Fenceline Borings (Sept 2012),Stockpile 2 - SOUTH SIDE,FB19-0.0,0.0,False,Lead,6.3,,detection,"SSI Report Table 2 (Fenceline Borings - Title 22 Metals), PDF pp.35-38"
2012 SSI - Fenceline Borings (Sept 2012),Stockpile 2 - SOUTH SIDE,FB19-0.0,0.0,False,Strontium,27,,detection,"SSI Report Table 2 (Fenceline Borings - Title 22 Metals), PDF pp.35-38"
2012 SSI - Fenceline Borings (Sept 2012),Stockpile 2 - SOUTH SIDE,FB19-4.0,4.0,False,Arsenic,0.35,,detection,"SSI Report Table 2 (Fenceline Borings - Title 22 Metals), PDF pp.35-38"
2012 SSI - Fenceline Borings (Sept 2012),Stockpile 2 - SOUTH SIDE,FB19-4.0,4.0,False,Barium,57,,detection,"SSI Report Table 2 (Fenceline Borings - Title 22 Metals), PDF pp.35-38"
2012 SSI - Fenceline Borings (Sept 2012),Stockpile 2 - SOUTH SIDE,FB19-4.0,4.0,False,Lead,1.2,,detection,"SSI Report Table 2 (Fenceline Borings - Title 22 Metals), PDF pp.35-38"
2012 SSI - Fenceline Borings (Sept 2012),Stockpile 2 - SOUTH SIDE,FB19-4.0,4.0,False,Strontium,88,,detection,"SSI Report Table 2 (Fenceline Borings - Title 22 Metals), PDF pp.35-38"
2012 SSI - Fenceline Borings (Sept 2012),Stockpile 2 - SOUTH SIDE,FB20-0.0,0.0,False,Arsenic,2.1,,detection,"SSI Report Table 2 (Fenceline Borings - Title 22 Metals), PDF pp.35-38"
2012 SSI - Fenceline Borings (Sept 2012),Stockpile 2 - SOUTH SIDE,FB20-0.0,0.0,False,Barium,690,,detection,"SSI Report Table 2 (Fenceline Borings - Title 22 Metals), PDF pp.35-38"
2012 SSI - Fenceline Borings (Sept 2012),Stockpile 2 - SOUTH SIDE,FB20-0.0,0.0,False,Lead,12,,detection,"SSI Report Table 2 (Fenceline Borings - Title 22 Metals), PDF pp.35-38"
2012 SSI - Fenceline Borings (Sept 2012),Stockpile 2 - SOUTH SIDE,FB20-0.0,0.0,False,Strontium,44,,detection,"SSI Report Table 2 (Fenceline Borings - Title 22 Metals), PDF pp.35-38"
2012 SSI - Fenceline Borings (Sept 2012),Stockpile 2 - SOUTH SIDE,FB20-4.0,4.0,False,Arsenic,0.56,,detection,"SSI Report Table 2 (Fenceline Borings - Title 22 Metals), PDF pp.35-38"
2012 SSI - Fenceline Borings (Sept 2012),Stockpile 2 - SOUTH SIDE,FB20-4.0,4.0,False,Barium,160,,detection,"SSI Report Table 2 (Fenceline Borings - Title 22 Metals), PDF pp.35-38"
2012 SSI - Fenceline Borings (Sept 2012),Stockpile 2 - SOUTH SIDE,FB20-4.0,4.0,False,Lead,4.6,,detection,"SSI Report Table 2 (Fenceline Borings - Title 22 Metals), PDF pp.35-38"
2012 SSI - Fenceline Borings (Sept 2012),Stockpile 2 - SOUTH SIDE,FB20-4.0,4.0,False,Strontium,24,,detection,"SSI Report Table 2 (Fenceline Borings - Title 22 Metals), PDF pp.35-38"
2012 SSI - Fenceline Borings (Sept 2012),Stockpile 2 - SOUTH SIDE,FB21-0.0,0.0,False,Arsenic,0.94,,detection,"SSI Report Table 2 (Fenceline Borings - Title 22 Metals), PDF pp.35-38"
2012 SSI - Fenceline Borings (Sept 2012),Stockpile 2 - SOUTH SIDE,FB21-0.0,0.0,False,Barium,990,,detection,"SSI Report Table 2 (Fenceline Borings - Title 22 Metals), PDF pp.35-38"
2012 SSI - Fenceline Borings (Sept 2012),Stockpile 2 - SOUTH SIDE,FB21-0.0,0.0,False,Lead,22,,detection,"SSI Report Table 2 (Fenceline Borings - Title 22 Metals), PDF pp.35-38"
2012 SSI - Fenceline Borings (Sept 2012),Stockpile 2 - SOUTH SIDE,FB21-0.0,0.0,False,Strontium,41,,detection,"SSI Report Table 2 (Fenceline Borings - Title 22 Metals), PDF pp.35-38"
2012 SSI - Fenceline Borings (Sept 2012),Stockpile 2 - SOUTH SIDE,FB21-4.0,4.0,False,Arsenic,0.31,,detection,"SSI Report Table 2 (Fenceline Borings - Title 22 Metals), PDF pp.35-38"
2012 SSI - Fenceline Borings (Sept 2012),Stockpile 2 - SOUTH SIDE,FB21-4.0,4.0,False,Barium,110,,detection,"SSI Report Table 2 (Fenceline Borings - Title 22 Metals), PDF pp.35-38"
2012 SSI - Fenceline Borings (Sept 2012),Stockpile 2 - SOUTH SIDE,FB21-4.0,4.0,False,Lead,3.8,,detection,"SSI Report Table 2 (Fenceline Borings - Title 22 Metals), PDF pp.35-38"
2012 SSI - Fenceline Borings (Sept 2012),Stockpile 2 - SOUTH SIDE,FB21-4.0,4.0,False,Strontium,19,,detection,"SSI Report Table 2 (Fenceline Borings - Title 22 Metals), PDF pp.35-38"
2012 SSI - Fenceline Borings (Sept 2012),Stockpile 2 - SOUTH SIDE,FB22-0.0,0.0,False,Arsenic,0.78,,detection,"SSI Report Table 2 (Fenceline Borings - Title 22 Metals), PDF pp.35-38"
2012 SSI - Fenceline Borings (Sept 2012),Stockpile 2 - SOUTH SIDE,FB22-0.0,0.0,False,Barium,940,,detection,"SSI Report Table 2 (Fenceline Borings - Title 22 Metals), PDF pp.35-38"
2012 SSI - Fenceline Borings (Sept 2012),Stockpile 2 - SOUTH SIDE,FB22-0.0,0.0,False,Lead,18,,detection,"SSI Report Table 2 (Fenceline Borings - Title 22 Metals), PDF pp.35-38"
2012 SSI - Fenceline Borings (Sept 2012),Stockpile 2 - SOUTH SIDE,FB22-0.0,0.0,False,Strontium,45,,detection,"SSI Report Table 2 (Fenceline Borings - Title 22 Metals), PDF pp.35-38"
2012 SSI - Fenceline Borings (Sept 2012),Stockpile 2 - SOUTH SIDE,FB22-4.0,4.0,False,Arsenic,0.37,,detection,"SSI Report Table 2 (Fenceline Borings - Title 22 Metals), PDF pp.35-38"
2012 SSI - Fenceline Borings (Sept 2012),Stockpile 2 - SOUTH SIDE,FB22-4.0,4.0,False,Barium,190,,detection,"SSI Report Table 2 (Fenceline Borings - Title 22 Metals), PDF pp.35-38"
2012 SSI - Fenceline Borings (Sept 2012),Stockpile 2 - SOUTH SIDE,FB22-4.0,4.0,False,Lead,4.2,,detection,"SSI Report Table 2 (Fenceline Borings - Title 22 Metals), PDF pp.35-38"
2012 SSI - Fenceline Borings (Sept 2012),Stockpile 2 - SOUTH SIDE,FB22-4.0,4.0,False,Strontium,70,,detection,"SSI Report Table 2 (Fenceline Borings - Title 22 Metals), PDF pp.35-38"
2012 SSI - Fenceline Borings (Sept 2012),Stockpile 2 - SOUTH SIDE,FB23-0.0,0.0,False,Arsenic,1.2,,detection,"SSI Report Table 2 (Fenceline Borings - Title 22 Metals), PDF pp.35-38"
2012 SSI - Fenceline Borings (Sept 2012),Stockpile 2 - SOUTH SIDE,FB23-0.0,0.0,False,Barium,300,,detection,"SSI Report Table 2 (Fenceline Borings - Title 22 Metals), PDF pp.35-38"
2012 SSI - Fenceline Borings (Sept 2012),Stockpile 2 - SOUTH SIDE,FB23-0.0,0.0,False,Lead,11,,detection,"SSI Report Table 2 (Fenceline Borings - Title 22 Metals), PDF pp.35-38"
2012 SSI - Fenceline Borings (Sept 2012),Stockpile 2 - SOUTH SIDE,FB23-0.0,0.0,False,Strontium,39,,detection,"SSI Report Table 2 (Fenceline Borings - Title 22 Metals), PDF pp.35-38"
2012 SSI - Fenceline Borings (Sept 2012),Stockpile 2 - SOUTH SIDE,FB23-4.0,4.0,False,Arsenic,0.34,,detection,"SSI Report Table 2 (Fenceline Borings - Title 22 Metals), PDF pp.35-38"
2012 SSI - Fenceline Borings (Sept 2012),Stockpile 2 - SOUTH SIDE,FB23-4.0,4.0,False,Barium,62,,detection,"SSI Report Table 2 (Fenceline Borings - Title 22 Metals), PDF pp.35-38"
2012 SSI - Fenceline Borings (Sept 2012),Stockpile 2 - SOUTH SIDE,FB23-4.0,4.0,False,Lead,2.0,,detection,"SSI Report Table 2 (Fenceline Borings - Title 22 Metals), PDF pp.35-38"
2012 SSI - Fenceline Borings (Sept 2012),Stockpile 2 - SOUTH SIDE,FB23-4.0,4.0,False,Strontium,19,,detection,"SSI Report Table 2 (Fenceline Borings - Title 22 Metals), PDF pp.35-38"
2012 SSI - Fenceline Borings (Sept 2012),Stockpile 2 - SOUTH SIDE,FB24-0.0,0.0,False,Arsenic,0.65,,detection,"SSI Report Table 2 (Fenceline Borings - Title 22 Metals), PDF pp.35-38"
2012 SSI - Fenceline Borings (Sept 2012),Stockpile 2 - SOUTH SIDE,FB24-0.0,0.0,False,Barium,590,,detection,"SSI Report Table 2 (Fenceline Borings - Title 22 Metals), PDF pp.35-38"
2012 SSI - Fenceline Borings (Sept 2012),Stockpile 2 - SOUTH SIDE,FB24-0.0,0.0,False,Lead,14,,detection,"SSI Report Table 2 (Fenceline Borings - Title 22 Metals), PDF pp.35-38"
2012 SSI - Fenceline Borings (Sept 2012),Stockpile 2 - SOUTH SIDE,FB24-0.0,0.0,False,Strontium,40,,detection,"SSI Report Table 2 (Fenceline Borings - Title 22 Metals), PDF pp.35-38"
2012 SSI - Fenceline Borings (Sept 2012),Stockpile 2 - SOUTH SIDE,FB24-4.0,4.0,False,Arsenic,0.32,,detection,"SSI Report Table 2 (Fenceline Borings - Title 22 Metals), PDF pp.35-38"
2012 SSI - Fenceline Borings (Sept 2012),Stockpile 2 - SOUTH SIDE,FB24-4.0,4.0,False,Barium,190,,detection,"SSI Report Table 2 (Fenceline Borings - Title 22 Metals), PDF pp.35-38"
2012 SSI - Fenceline Borings (Sept 2012),Stockpile 2 - SOUTH SIDE,FB24-4.0,4.0,False,Lead,6.0,,detection,"SSI Report Table 2 (Fenceline Borings - Title 22 Metals), PDF pp.35-38"
2012 SSI - Fenceline Borings (Sept 2012),Stockpile 2 - SOUTH SIDE,FB24-4.0,4.0,False,Strontium,28,,detection,"SSI Report Table 2 (Fenceline Borings - Title 22 Metals), PDF pp.35-38"
2012 SSI - Fenceline Borings (Sept 2012),Stockpile 2 - SOUTH SIDE,FB25-0.0,0.0,False,Arsenic,0.89,,detection,"SSI Report Table 2 (Fenceline Borings - Title 22 Metals), PDF pp.35-38"
2012 SSI - Fenceline Borings (Sept 2012),Stockpile 2 - SOUTH SIDE,FB25-0.0,0.0,False,Barium,440,,detection,"SSI Report Table 2 (Fenceline Borings - Title 22 Metals), PDF pp.35-38"
2012 SSI - Fenceline Borings (Sept 2012),Stockpile 2 - SOUTH SIDE,FB25-0.0,0.0,False,Lead,9.1,,detection,"SSI Report Table 2 (Fenceline Borings - Title 22 Metals), PDF pp.35-38"
2012 SSI - Fenceline Borings (Sept 2012),Stockpile 2 - SOUTH SIDE,FB25-0.0,0.0,False,Strontium,42,,detection,"SSI Report Table 2 (Fenceline Borings - Title 22 Metals), PDF pp.35-38"
2012 SSI - Fenceline Borings (Sept 2012),Stockpile 2 - SOUTH SIDE,FB25-4.0,4.0,False,Arsenic,0.89,,detection,"SSI Report Table 2 (Fenceline Borings - Title 22 Metals), PDF pp.35-38"
2012 SSI - Fenceline Borings (Sept 2012),Stockpile 2 - SOUTH SIDE,FB25-4.0,4.0,False,Barium,99,,detection,"SSI Report Table 2 (Fenceline Borings - Title 22 Metals), PDF pp.35-38"
2012 SSI - Fenceline Borings (Sept 2012),Stockpile 2 - SOUTH SIDE,FB25-4.0,4.0,False,Lead,1.5,,detection,"SSI Report Table 2 (Fenceline Borings - Title 22 Metals), PDF pp.35-38"
2012 SSI - Fenceline Borings (Sept 2012),Stockpile 2 - SOUTH SIDE,FB25-4.0,4.0,False,Strontium,99,,detection,"SSI Report Table 2 (Fenceline Borings - Title 22 Metals), PDF pp.35-38"
2012 SSI - Fenceline Borings (Sept 2012),Stockpile 2 - SOUTH SIDE,FB26-0.0,0.0,False,Arsenic,0.94,,detection,"SSI Report Table 2 (Fenceline Borings - Title 22 Metals), PDF pp.35-38"
2012 SSI - Fenceline Borings (Sept 2012),Stockpile 2 - SOUTH SIDE,FB26-0.0,0.0,False,Barium,1000,,detection,"SSI Report Table 2 (Fenceline Borings - Title 22 Metals), PDF pp.35-38"
2012 SSI - Fenceline Borings (Sept 2012),Stockpile 2 - SOUTH SIDE,FB26-0.0,0.0,False,Lead,14,,detection,"SSI Report Table 2 (Fenceline Borings - Title 22 Metals), PDF pp.35-38"
2012 SSI - Fenceline Borings (Sept 2012),Stockpile 2 - SOUTH SIDE,FB26-0.0,0.0,False,Strontium,59,,detection,"SSI Report Table 2 (Fenceline Borings - Title 22 Metals), PDF pp.35-38"
2012 SSI - Fenceline Borings (Sept 2012),Stockpile 2 - SOUTH SIDE,FB26-4.0,4.0,False,Arsenic,0.36,,detection,"SSI Report Table 2 (Fenceline Borings - Title 22 Metals), PDF pp.35-38"
2012 SSI - Fenceline Borings (Sept 2012),Stockpile 2 - SOUTH SIDE,FB26-4.0,4.0,False,Barium,71,,detection,"SSI Report Table 2 (Fenceline Borings - Title 22 Metals), PDF pp.35-38"
2012 SSI - Fenceline Borings (Sept 2012),Stockpile 2 - SOUTH SIDE,FB26-4.0,4.0,False,Lead,1.4,,detection,"SSI Report Table 2 (Fenceline Borings - Title 22 Metals), PDF pp.35-38"
2012 SSI - Fenceline Borings (Sept 2012),Stockpile 2 - SOUTH SIDE,FB26-4.0,4.0,False,Strontium,45,,detection,"SSI Report Table 2 (Fenceline Borings - Title 22 Metals), PDF pp.35-38"
2012 SSI - Fenceline Borings (Sept 2012),Stockpile 2 - SOUTH SIDE,FB27-0.0,0.0,False,Arsenic,1.1,,detection,"SSI Report Table 2 (Fenceline Borings - Title 22 Metals), PDF pp.35-38"
2012 SSI - Fenceline Borings (Sept 2012),Stockpile 2 - SOUTH SIDE,FB27-0.0,0.0,False,Barium,920,,detection,"SSI Report Table 2 (Fenceline Borings - Title 22 Metals), PDF pp.35-38"
2012 SSI - Fenceline Borings (Sept 2012),Stockpile 2 - SOUTH SIDE,FB27-0.0,0.0,False,Lead,10,,detection,"SSI Report Table 2 (Fenceline Borings - Title 22 Metals), PDF pp.35-38"
2012 SSI - Fenceline Borings (Sept 2012),Stockpile 2 - SOUTH SIDE,FB27-0.0,0.0,False,Strontium,56,,detection,"SSI Report Table 2 (Fenceline Borings - Title 22 Metals), PDF pp.35-38"
2012 SSI - Fenceline Borings (Sept 2012),Stockpile 2 - SOUTH SIDE,FB27-4.0,4.0,False,Arsenic,0.41,,detection,"SSI Report Table 2 (Fenceline Borings - Title 22 Metals), PDF pp.35-38"
2012 SSI - Fenceline Borings (Sept 2012),Stockpile 2 - SOUTH SIDE,FB27-4.0,4.0,False,Barium,150,,detection,"SSI Report Table 2 (Fenceline Borings - Title 22 Metals), PDF pp.35-38"
2012 SSI - Fenceline Borings (Sept 2012),Stockpile 2 - SOUTH SIDE,FB27-4.0,4.0,False,Lead,1.9,,detection,"SSI Report Table 2 (Fenceline Borings - Title 22 Metals), PDF pp.35-38"
2012 SSI - Fenceline Borings (Sept 2012),Stockpile 2 - SOUTH SIDE,FB27-4.0,4.0,False,Strontium,120,,detection,"SSI Report Table 2 (Fenceline Borings - Title 22 Metals), PDF pp.35-38"
2012 SSI - Fenceline Borings (Sept 2012),Stockpile 2 - SOUTH SIDE,FB28-0.0,0.0,False,Arsenic,0.80,,detection,"SSI Report Table 2 (Fenceline Borings - Title 22 Metals), PDF pp.35-38"
2012 SSI - Fenceline Borings (Sept 2012),Stockpile 2 - SOUTH SIDE,FB28-0.0,0.0,False,Barium,530,,detection,"SSI Report Table 2 (Fenceline Borings - Title 22 Metals), PDF pp.35-38"
2012 SSI - Fenceline Borings (Sept 2012),Stockpile 2 - SOUTH SIDE,FB28-0.0,0.0,False,Lead,7.7,,detection,"SSI Report Table 2 (Fenceline Borings - Title 22 Metals), PDF pp.35-38"
2012 SSI - Fenceline Borings (Sept 2012),Stockpile 2 - SOUTH SIDE,FB28-0.0,0.0,False,Strontium,44,,detection,"SSI Report Table 2 (Fenceline Borings - Title 22 Metals), PDF pp.35-38"
2012 SSI - Fenceline Borings (Sept 2012),Stockpile 2 - SOUTH SIDE,FB28-4.0,4.0,False,Arsenic,0.50,,detection,"SSI Report Table 2 (Fenceline Borings - Title 22 Metals), PDF pp.35-38"
2012 SSI - Fenceline Borings (Sept 2012),Stockpile 2 - SOUTH SIDE,FB28-4.0,4.0,False,Barium,97,,detection,"SSI Report Table 2 (Fenceline Borings - Title 22 Metals), PDF pp.35-38"
2012 SSI - Fenceline Borings (Sept 2012),Stockpile 2 - SOUTH SIDE,FB28-4.0,4.0,False,Lead,1.2,,detection,"SSI Report Table 2 (Fenceline Borings - Title 22 Metals), PDF pp.35-38"
2012 SSI - Fenceline Borings (Sept 2012),Stockpile 2 - SOUTH SIDE,FB28-4.0,4.0,False,Strontium,70,,detection,"SSI Report Table 2 (Fenceline Borings - Title 22 Metals), PDF pp.35-38"
2012 SSI - Fenceline Borings (Sept 2012),Stockpile 2 - SOUTH SIDE,FB29-0.0,0.0,False,Arsenic,1.2,,detection,"SSI Report Table 2 (Fenceline Borings - Title 22 Metals), PDF pp.35-38"
2012 SSI - Fenceline Borings (Sept 2012),Stockpile 2 - SOUTH SIDE,FB29-0.0,0.0,False,Barium,720,,detection,"SSI Report Table 2 (Fenceline Borings - Title 22 Metals), PDF pp.35-38"
2012 SSI - Fenceline Borings (Sept 2012),Stockpile 2 - SOUTH SIDE,FB29-0.0,0.0,False,Lead,13,,detection,"SSI Report Table 2 (Fenceline Borings - Title 22 Metals), PDF pp.35-38"
2012 SSI - Fenceline Borings (Sept 2012),Stockpile 2 - SOUTH SIDE,FB29-0.0,0.0,False,Strontium,54,,detection,"SSI Report Table 2 (Fenceline Borings - Title 22 Metals), PDF pp.35-38"
2012 SSI - Fenceline Borings (Sept 2012),Stockpile 2 - SOUTH SIDE,FB29-4.0,4.0,False,Arsenic,0.25,ND,detection,"SSI Report Table 2 (Fenceline Borings - Title 22 Metals), PDF pp.35-38"
2012 SSI - Fenceline Borings (Sept 2012),Stockpile 2 - SOUTH SIDE,FB29-4.0,4.0,False,Barium,55,,detection,"SSI Report Table 2 (Fenceline Borings - Title 22 Metals), PDF pp.35-38"
2012 SSI - Fenceline Borings (Sept 2012),Stockpile 2 - SOUTH SIDE,FB29-4.0,4.0,False,Lead,1.6,,detection,"SSI Report Table 2 (Fenceline Borings - Title 22 Metals), PDF pp.35-38"
2012 SSI - Fenceline Borings (Sept 2012),Stockpile 2 - SOUTH SIDE,FB29-4.0,4.0,False,Strontium,17,,detection,"SSI Report Table 2 (Fenceline Borings - Title 22 Metals), PDF pp.35-38"
2012 SSI - Fenceline Borings (Sept 2012),Stockpile 3 - NORTH AND NORTHEAST SIDE,FB30-0.0,0.0,False,Arsenic,1.3,,detection,"SSI Report Table 2 (Fenceline Borings - Title 22 Metals), PDF pp.35-38"
2012 SSI - Fenceline Borings (Sept 2012),Stockpile 3 - NORTH AND NORTHEAST SIDE,FB30-0.0,0.0,False,Barium,320,,detection,"SSI Report Table 2 (Fenceline Borings - Title 22 Metals), PDF pp.35-38"
2012 SSI - Fenceline Borings (Sept 2012),Stockpile 3 - NORTH AND NORTHEAST SIDE,FB30-0.0,0.0,False,Lead,15,,detection,"SSI Report Table 2 (Fenceline Borings - Title 22 Metals), PDF pp.35-38"
2012 SSI - Fenceline Borings (Sept 2012),Stockpile 3 - NORTH AND NORTHEAST SIDE,FB30-0.0,0.0,False,Strontium,43,,detection,"SSI Report Table 2 (Fenceline Borings - Title 22 Metals), PDF pp.35-38"
2012 SSI - Fenceline Borings (Sept 2012),Stockpile 3 - NORTH AND NORTHEAST SIDE,FB30-4.0,4.0,False,Arsenic,0.25,ND,detection,"SSI Report Table 2 (Fenceline Borings - Title 22 Metals), PDF pp.35-38"
2012 SSI - Fenceline Borings (Sept 2012),Stockpile 3 - NORTH AND NORTHEAST SIDE,FB30-4.0,4.0,False,Barium,65,,detection,"SSI Report Table 2 (Fenceline Borings - Title 22 Metals), PDF pp.35-38"
2012 SSI - Fenceline Borings (Sept 2012),Stockpile 3 - NORTH AND NORTHEAST SIDE,FB30-4.0,4.0,False,Lead,2.3,,detection,"SSI Report Table 2 (Fenceline Borings - Title 22 Metals), PDF pp.35-38"
2012 SSI - Fenceline Borings (Sept 2012),Stockpile 3 - NORTH AND NORTHEAST SIDE,FB30-4.0,4.0,False,Strontium,17,,detection,"SSI Report Table 2 (Fenceline Borings - Title 22 Metals), PDF pp.35-38"
2012 SSI - Fenceline Borings (Sept 2012),Stockpile 3 - NORTH AND NORTHEAST SIDE,FB31-0.0,0.0,False,Arsenic,1.2,,detection,"SSI Report Table 2 (Fenceline Borings - Title 22 Metals), PDF pp.35-38"
2012 SSI - Fenceline Borings (Sept 2012),Stockpile 3 - NORTH AND NORTHEAST SIDE,FB31-0.0,0.0,False,Barium,720,,detection,"SSI Report Table 2 (Fenceline Borings - Title 22 Metals), PDF pp.35-38"
2012 SSI - Fenceline Borings (Sept 2012),Stockpile 3 - NORTH AND NORTHEAST SIDE,FB31-0.0,0.0,False,Lead,34,,detection,"SSI Report Table 2 (Fenceline Borings - Title 22 Metals), PDF pp.35-38"
2012 SSI - Fenceline Borings (Sept 2012),Stockpile 3 - NORTH AND NORTHEAST SIDE,FB31-0.0,0.0,False,Strontium,100,,detection,"SSI Report Table 2 (Fenceline Borings - Title 22 Metals), PDF pp.35-38"
2012 SSI - Fenceline Borings (Sept 2012),Stockpile 3 - NORTH AND NORTHEAST SIDE,FB32-0.0,0.0,False,Arsenic,2.1,,detection,"SSI Report Table 2 (Fenceline Borings - Title 22 Metals), PDF pp.35-38"
2012 SSI - Fenceline Borings (Sept 2012),Stockpile 3 - NORTH AND NORTHEAST SIDE,FB32-0.0,0.0,False,Barium,910,,detection,"SSI Report Table 2 (Fenceline Borings - Title 22 Metals), PDF pp.35-38"
2012 SSI - Fenceline Borings (Sept 2012),Stockpile 3 - NORTH AND NORTHEAST SIDE,FB32-0.0,0.0,False,Lead,17,,detection,"SSI Report Table 2 (Fenceline Borings - Title 22 Metals), PDF pp.35-38"
2012 SSI - Fenceline Borings (Sept 2012),Stockpile 3 - NORTH AND NORTHEAST SIDE,FB32-0.0,0.0,False,Strontium,0.50,ND,detection,"SSI Report Table 2 (Fenceline Borings - Title 22 Metals), PDF pp.35-38"
2012 SSI - Fenceline Borings (Sept 2012),Stockpile 3 - NORTH AND NORTHEAST SIDE,FB32-1.0,1.0,False,Arsenic,0.25,ND,detection,"SSI Report Table 2 (Fenceline Borings - Title 22 Metals), PDF pp.35-38"
2012 SSI - Fenceline Borings (Sept 2012),Stockpile 3 - NORTH AND NORTHEAST SIDE,FB32-1.0,1.0,False,Barium,88,,detection,"SSI Report Table 2 (Fenceline Borings - Title 22 Metals), PDF pp.35-38"
2012 SSI - Fenceline Borings (Sept 2012),Stockpile 3 - NORTH AND NORTHEAST SIDE,FB32-1.0,1.0,False,Lead,1.8,,detection,"SSI Report Table 2 (Fenceline Borings - Title 22 Metals), PDF pp.35-38"
2012 SSI - Fenceline Borings (Sept 2012),Stockpile 3 - NORTH AND NORTHEAST SIDE,FB32-1.0,1.0,False,Strontium,20,,detection,"SSI Report Table 2 (Fenceline Borings - Title 22 Metals), PDF pp.35-38"
2012 SSI - Fenceline Borings (Sept 2012),Stockpile 3 - NORTH AND NORTHEAST SIDE,FB33-0.0,0.0,False,Arsenic,2.0,,detection,"SSI Report Table 2 (Fenceline Borings - Title 22 Metals), PDF pp.35-38"
2012 SSI - Fenceline Borings (Sept 2012),Stockpile 3 - NORTH AND NORTHEAST SIDE,FB33-0.0,0.0,False,Barium,550,,detection,"SSI Report Table 2 (Fenceline Borings - Title 22 Metals), PDF pp.35-38"
2012 SSI - Fenceline Borings (Sept 2012),Stockpile 3 - NORTH AND NORTHEAST SIDE,FB33-0.0,0.0,False,Lead,28,,detection,"SSI Report Table 2 (Fenceline Borings - Title 22 Metals), PDF pp.35-38"
2012 SSI - Fenceline Borings (Sept 2012),Stockpile 3 - NORTH AND NORTHEAST SIDE,FB33-0.0,0.0,False,Strontium,63,,detection,"SSI Report Table 2 (Fenceline Borings - Title 22 Metals), PDF pp.35-38"
2012 SSI - Fenceline Borings (Sept 2012),Stockpile 3 - NORTH AND NORTHEAST SIDE,FB33-4.0,4.0,False,Arsenic,0.33,,detection,"SSI Report Table 2 (Fenceline Borings - Title 22 Metals), PDF pp.35-38"
2012 SSI - Fenceline Borings (Sept 2012),Stockpile 3 - NORTH AND NORTHEAST SIDE,FB33-4.0,4.0,False,Barium,50,,detection,"SSI Report Table 2 (Fenceline Borings - Title 22 Metals), PDF pp.35-38"
2012 SSI - Fenceline Borings (Sept 2012),Stockpile 3 - NORTH AND NORTHEAST SIDE,FB33-4.0,4.0,False,Lead,1.6,,detection,"SSI Report Table 2 (Fenceline Borings - Title 22 Metals), PDF pp.35-38"
2012 SSI - Fenceline Borings (Sept 2012),Stockpile 3 - NORTH AND NORTHEAST SIDE,FB33-4.0,4.0,False,Strontium,20,,detection,"SSI Report Table 2 (Fenceline Borings - Title 22 Metals), PDF pp.35-38"
2012 SSI - Fenceline Borings (Sept 2012),Stockpile 3 - NORTH AND NORTHEAST SIDE,FB34-0.0,0.0,False,Arsenic,0.57,,detection,"SSI Report Table 2 (Fenceline Borings - Title 22 Metals), PDF pp.35-38"
2012 SSI - Fenceline Borings (Sept 2012),Stockpile 3 - NORTH AND NORTHEAST SIDE,FB34-0.0,0.0,False,Barium,200,,detection,"SSI Report Table 2 (Fenceline Borings - Title 22 Metals), PDF pp.35-38"
2012 SSI - Fenceline Borings (Sept 2012),Stockpile 3 - NORTH AND NORTHEAST SIDE,FB34-0.0,0.0,False,Lead,22,,detection,"SSI Report Table 2 (Fenceline Borings - Title 22 Metals), PDF pp.35-38"
2012 SSI - Fenceline Borings (Sept 2012),Stockpile 3 - NORTH AND NORTHEAST SIDE,FB34-0.0,0.0,False,Strontium,22,,detection,"SSI Report Table 2 (Fenceline Borings - Title 22 Metals), PDF pp.35-38"
2012 SSI - Fenceline Borings (Sept 2012),Stockpile 3 - NORTH AND NORTHEAST SIDE,FB34-3.0,3.0,False,Arsenic,0.35,,detection,"SSI Report Table 2 (Fenceline Borings - Title 22 Metals), PDF pp.35-38"
2012 SSI - Fenceline Borings (Sept 2012),Stockpile 3 - NORTH AND NORTHEAST SIDE,FB34-3.0,3.0,False,Barium,45,,detection,"SSI Report Table 2 (Fenceline Borings - Title 22 Metals), PDF pp.35-38"
2012 SSI - Fenceline Borings (Sept 2012),Stockpile 3 - NORTH AND NORTHEAST SIDE,FB34-3.0,3.0,False,Lead,1.3,,detection,"SSI Report Table 2 (Fenceline Borings - Title 22 Metals), PDF pp.35-38"
2012 SSI - Fenceline Borings (Sept 2012),Stockpile 3 - NORTH AND NORTHEAST SIDE,FB34-3.0,3.0,False,Strontium,58,,detection,"SSI Report Table 2 (Fenceline Borings - Title 22 Metals), PDF pp.35-38"
2012 SSI - Fenceline Borings (Sept 2012),Stockpile 3 - NORTH AND NORTHEAST SIDE,FB35-0.0,0.0,False,Arsenic,1.2,,detection,"SSI Report Table 2 (Fenceline Borings - Title 22 Metals), PDF pp.35-38"
2012 SSI - Fenceline Borings (Sept 2012),Stockpile 3 - NORTH AND NORTHEAST SIDE,FB35-0.0,0.0,False,Barium,590,,detection,"SSI Report Table 2 (Fenceline Borings - Title 22 Metals), PDF pp.35-38"
2012 SSI - Fenceline Borings (Sept 2012),Stockpile 3 - NORTH AND NORTHEAST SIDE,FB35-0.0,0.0,False,Lead,26,,detection,"SSI Report Table 2 (Fenceline Borings - Title 22 Metals), PDF pp.35-38"
2012 SSI - Fenceline Borings (Sept 2012),Stockpile 3 - NORTH AND NORTHEAST SIDE,FB35-0.0,0.0,False,Strontium,71,,detection,"SSI Report Table 2 (Fenceline Borings - Title 22 Metals), PDF pp.35-38"
2012 SSI - Fenceline Borings (Sept 2012),Stockpile 3 - NORTH AND NORTHEAST SIDE,FB35-4.0,4.0,False,Arsenic,0.25,ND,detection,"SSI Report Table 2 (Fenceline Borings - Title 22 Metals), PDF pp.35-38"
2012 SSI - Fenceline Borings (Sept 2012),Stockpile 3 - NORTH AND NORTHEAST SIDE,FB35-4.0,4.0,False,Barium,42,,detection,"SSI Report Table 2 (Fenceline Borings - Title 22 Metals), PDF pp.35-38"
2012 SSI - Fenceline Borings (Sept 2012),Stockpile 3 - NORTH AND NORTHEAST SIDE,FB35-4.0,4.0,False,Lead,1.3,,detection,"SSI Report Table 2 (Fenceline Borings - Title 22 Metals), PDF pp.35-38"
2012 SSI - Fenceline Borings (Sept 2012),Stockpile 3 - NORTH AND NORTHEAST SIDE,FB35-4.0,4.0,False,Strontium,14,,detection,"SSI Report Table 2 (Fenceline Borings - Title 22 Metals), PDF pp.35-38"
"Background (Shaw 2009 Final PEA, reproduced in SSI Report Table 2)","Background (offsite reference, composite)",background_composite,,True,Arsenic,1.2,,background_95UCL,"SSI Report Table 2 footnote 1, PDF pp.35-38; source: Final PEA, Shaw 2009"
"Background (Shaw 2009 Final PEA, reproduced in SSI Report Table 2)","Background (offsite reference, composite)",background_composite,,True,Arsenic,0.97,,background_mean,"SSI Report Table 2 footnote 1, PDF pp.35-38; source: Final PEA, Shaw 2009"
"Background (Shaw 2009 Final PEA, reproduced in SSI Report Table 2)","Background (offsite reference, composite)",background_composite,,True,Barium,72.8,,background_95UCL,"SSI Report Table 2 footnote 1, PDF pp.35-38; source: Final PEA, Shaw 2009"
"Background (Shaw 2009 Final PEA, reproduced in SSI Report Table 2)","Background (offsite reference, composite)",background_composite,,True,Barium,63.5,,background_mean,"SSI Report Table 2 footnote 1, PDF pp.35-38; source: Final PEA, Shaw 2009"
"Background (Shaw 2009 Final PEA, reproduced in SSI Report Table 2)","Background (offsite reference, composite)",background_composite,,True,Lead,2.0,,background_95UCL,"SSI Report Table 2 footnote 1, PDF pp.35-38; source: Final PEA, Shaw 2009"
"Background (Shaw 2009 Final PEA, reproduced in SSI Report Table 2)","Background (offsite reference, composite)",background_composite,,True,Lead,1.8,,background_mean,"SSI Report Table 2 footnote 1, PDF pp.35-38; source: Final PEA, Shaw 2009"
2012 SSI - Perimeter Borings (Sept 2012),Stockpile 1 - West End,PB1-0.0,0.0,False,Barium,130,,detection,"SSI Report Table 3 (Barium and Cadmium), PDF pp.39-41; Perimeter Borings analyzed for barium/cadmium only, not full Title 22 panel (Arsenic/Lead/Strontium not analyzed for this boring set)"
2012 SSI - Perimeter Borings (Sept 2012),Stockpile 1 - West End,PB2-0.0,0.0,False,Barium,97,,detection,"SSI Report Table 3 (Barium and Cadmium), PDF pp.39-41; Perimeter Borings analyzed for barium/cadmium only, not full Title 22 panel (Arsenic/Lead/Strontium not analyzed for this boring set)"
2012 SSI - Perimeter Borings (Sept 2012),Stockpile 1 - West End,PB3-0.0,0.0,False,Barium,160,,detection,"SSI Report Table 3 (Barium and Cadmium), PDF pp.39-41; Perimeter Borings analyzed for barium/cadmium only, not full Title 22 panel (Arsenic/Lead/Strontium not analyzed for this boring set)"
2012 SSI - Perimeter Borings (Sept 2012),Stockpile 1 - West End,PB4-0.0,0.0,False,Barium,120,,detection,"SSI Report Table 3 (Barium and Cadmium), PDF pp.39-41; Perimeter Borings analyzed for barium/cadmium only, not full Title 22 panel (Arsenic/Lead/Strontium not analyzed for this boring set)"
2012 SSI - Perimeter Borings (Sept 2012),Stockpile 1 - West End,PB5-0.0,0.0,False,Barium,100,,detection,"SSI Report Table 3 (Barium and Cadmium), PDF pp.39-41; Perimeter Borings analyzed for barium/cadmium only, not full Title 22 panel (Arsenic/Lead/Strontium not analyzed for this boring set)"
2012 SSI - Perimeter Borings (Sept 2012),Stockpile 1 - East End,PB6-0.0,0.0,False,Barium,170,,detection,"SSI Report Table 3 (Barium and Cadmium), PDF pp.39-41; Perimeter Borings analyzed for barium/cadmium only, not full Title 22 panel (Arsenic/Lead/Strontium not analyzed for this boring set)"
2012 SSI - Perimeter Borings (Sept 2012),Stockpile 1 - East End,PB7-0.0,0.0,False,Barium,210,,detection,"SSI Report Table 3 (Barium and Cadmium), PDF pp.39-41; Perimeter Borings analyzed for barium/cadmium only, not full Title 22 panel (Arsenic/Lead/Strontium not analyzed for this boring set)"
2012 SSI - Perimeter Borings (Sept 2012),Stockpile 1 - East End,PB8-0.0,0.0,False,Barium,170,,detection,"SSI Report Table 3 (Barium and Cadmium), PDF pp.39-41; Perimeter Borings analyzed for barium/cadmium only, not full Title 22 panel (Arsenic/Lead/Strontium not analyzed for this boring set)"
2012 SSI - Perimeter Borings (Sept 2012),Stockpile 1 - East End,PB9-0.0,0.0,False,Barium,210,,detection,"SSI Report Table 3 (Barium and Cadmium), PDF pp.39-41; Perimeter Borings analyzed for barium/cadmium only, not full Title 22 panel (Arsenic/Lead/Strontium not analyzed for this boring set)"
2012 SSI - Perimeter Borings (Sept 2012),Stockpile 2 - West End,PB10-0.0,0.0,False,Barium,190,,detection,"SSI Report Table 3 (Barium and Cadmium), PDF pp.39-41; Perimeter Borings analyzed for barium/cadmium only, not full Title 22 panel (Arsenic/Lead/Strontium not analyzed for this boring set)"
2012 SSI - Perimeter Borings (Sept 2012),Stockpile 2 - West End,PB11-0.0,0.0,False,Barium,280,,detection,"SSI Report Table 3 (Barium and Cadmium), PDF pp.39-41; Perimeter Borings analyzed for barium/cadmium only, not full Title 22 panel (Arsenic/Lead/Strontium not analyzed for this boring set)"
2012 SSI - Perimeter Borings (Sept 2012),Stockpile 2 - South Side East End,PB12-0.0,0.0,False,Barium,190,,detection,"SSI Report Table 3 (Barium and Cadmium), PDF pp.39-41; Perimeter Borings analyzed for barium/cadmium only, not full Title 22 panel (Arsenic/Lead/Strontium not analyzed for this boring set)"
2012 SSI - Perimeter Borings (Sept 2012),Stockpile 2 - South Side East End,PB13-0.0,0.0,False,Barium,240,,detection,"SSI Report Table 3 (Barium and Cadmium), PDF pp.39-41; Perimeter Borings analyzed for barium/cadmium only, not full Title 22 panel (Arsenic/Lead/Strontium not analyzed for this boring set)"
2012 SSI - Perimeter Borings (Sept 2012),Stockpile 2 - South Side East End,PB14-0.0,0.0,False,Barium,76,,detection,"SSI Report Table 3 (Barium and Cadmium), PDF pp.39-41; Perimeter Borings analyzed for barium/cadmium only, not full Title 22 panel (Arsenic/Lead/Strontium not analyzed for this boring set)"
2012 SSI - Perimeter Borings (Sept 2012),Stockpile 2 - South Side East End,PB15-0.0,0.0,False,Barium,790,,detection,"SSI Report Table 3 (Barium and Cadmium), PDF pp.39-41; Perimeter Borings analyzed for barium/cadmium only, not full Title 22 panel (Arsenic/Lead/Strontium not analyzed for this boring set)"
2012 SSI - Perimeter Borings (Sept 2012),Stockpile 2 - North Side East End,PB16-0.0,0.0,False,Barium,960,,detection,"SSI Report Table 3 (Barium and Cadmium), PDF pp.39-41; Perimeter Borings analyzed for barium/cadmium only, not full Title 22 panel (Arsenic/Lead/Strontium not analyzed for this boring set)"
2012 SSI - Perimeter Borings (Sept 2012),Stockpile 2 - North Side East End,PB17-0.0,0.0,False,Barium,1100,,detection,"SSI Report Table 3 (Barium and Cadmium), PDF pp.39-41; Perimeter Borings analyzed for barium/cadmium only, not full Title 22 panel (Arsenic/Lead/Strontium not analyzed for this boring set)"
2012 SSI - Perimeter Borings (Sept 2012),Stockpile 2 - North Side East End,PB18-0.0,0.0,False,Barium,860,,detection,"SSI Report Table 3 (Barium and Cadmium), PDF pp.39-41; Perimeter Borings analyzed for barium/cadmium only, not full Title 22 panel (Arsenic/Lead/Strontium not analyzed for this boring set)"
2012 SSI - Perimeter Borings (Sept 2012),Stockpile 3 - Southwest Side and South End,PB19-0.0,0.0,False,Barium,170,,detection,"SSI Report Table 3 (Barium and Cadmium), PDF pp.39-41; Perimeter Borings analyzed for barium/cadmium only, not full Title 22 panel (Arsenic/Lead/Strontium not analyzed for this boring set)"
2012 SSI - Perimeter Borings (Sept 2012),Stockpile 3 - Southwest Side and South End,PB20-0.0,0.0,False,Barium,980,,detection,"SSI Report Table 3 (Barium and Cadmium), PDF pp.39-41; Perimeter Borings analyzed for barium/cadmium only, not full Title 22 panel (Arsenic/Lead/Strontium not analyzed for this boring set)"
2012 SSI - Perimeter Borings (Sept 2012),Stockpile 3 - Southwest Side and South End,PB21-0.0,0.0,False,Barium,710,,detection,"SSI Report Table 3 (Barium and Cadmium), PDF pp.39-41; Perimeter Borings analyzed for barium/cadmium only, not full Title 22 panel (Arsenic/Lead/Strontium not analyzed for this boring set)"
2012 SSI - Perimeter Borings (Sept 2012),Stockpile 3 - Southwest Side and South End,PB22-0.0,0.0,False,Barium,1500,,detection,"SSI Report Table 3 (Barium and Cadmium), PDF pp.39-41; Perimeter Borings analyzed for barium/cadmium only, not full Title 22 panel (Arsenic/Lead/Strontium not analyzed for this boring set)"
2012 SSI - Perimeter Borings (Sept 2012),Stockpile 3 - Southwest Side and South End,PB23-0.0,0.0,False,Barium,1600,,detection,"SSI Report Table 3 (Barium and Cadmium), PDF pp.39-41; Perimeter Borings analyzed for barium/cadmium only, not full Title 22 panel (Arsenic/Lead/Strontium not analyzed for this boring set)"
2012 SSI - Perimeter Borings (Sept 2012),Stockpile 3 - Southwest Side and South End,PB24-0.0,0.0,False,Barium,230,,detection,"SSI Report Table 3 (Barium and Cadmium), PDF pp.39-41; Perimeter Borings analyzed for barium/cadmium only, not full Title 22 panel (Arsenic/Lead/Strontium not analyzed for this boring set)"
2012 SSI - Perimeter Borings (Sept 2012),Stockpile 3 - Southwest Side and South End,PB25-0.0,0.0,False,Barium,180,,detection,"SSI Report Table 3 (Barium and Cadmium), PDF pp.39-41; Perimeter Borings analyzed for barium/cadmium only, not full Title 22 panel (Arsenic/Lead/Strontium not analyzed for this boring set)"
2012 SSI - Perimeter Borings (Sept 2012),Stockpile 3 - Southwest Side and South End,PB26-0.0,0.0,False,Barium,230,,detection,"SSI Report Table 3 (Barium and Cadmium), PDF pp.39-41; Perimeter Borings analyzed for barium/cadmium only, not full Title 22 panel (Arsenic/Lead/Strontium not analyzed for this boring set)"
2012 SSI - Perimeter Borings (Sept 2012),Stockpile 3 - Southwest Side and South End,PB27-0.0,0.0,False,Barium,180,,detection,"SSI Report Table 3 (Barium and Cadmium), PDF pp.39-41; Perimeter Borings analyzed for barium/cadmium only, not full Title 22 panel (Arsenic/Lead/Strontium not analyzed for this boring set)"
2012 SSI - Perimeter Borings (Sept 2012),Stockpile 3 - Southwest Side and South End,PB28-0.0,0.0,False,Barium,130,,detection,"SSI Report Table 3 (Barium and Cadmium), PDF pp.39-41; Perimeter Borings analyzed for barium/cadmium only, not full Title 22 panel (Arsenic/Lead/Strontium not analyzed for this boring set)"
2012 SSI - Cadmium Borings (Sept 2012),Stockpile 2,CB1-0.0,0.0,False,Barium,58,,detection,"SSI Report Table 3 (Barium and Cadmium), PDF pp.39-41; Cadmium Borings analyzed for barium/cadmium only, not full Title 22 panel (Arsenic/Lead/Strontium not analyzed for this boring set)"
2012 SSI - Cadmium Borings (Sept 2012),Stockpile 2,CB1-4.0,4.0,False,Barium,170,,detection,"SSI Report Table 3 (Barium and Cadmium), PDF pp.39-41; Cadmium Borings analyzed for barium/cadmium only, not full Title 22 panel (Arsenic/Lead/Strontium not analyzed for this boring set)"
2012 SSI - Cadmium Borings (Sept 2012),Stockpile 2,CB1-9.0,9.0,False,Barium,82,,detection,"SSI Report Table 3 (Barium and Cadmium), PDF pp.39-41; Cadmium Borings analyzed for barium/cadmium only, not full Title 22 panel (Arsenic/Lead/Strontium not analyzed for this boring set)"
2012 SSI - Cadmium Borings (Sept 2012),Stockpile 2,CB1-14.0,14.0,False,Barium,1400,,detection,"SSI Report Table 3 (Barium and Cadmium), PDF pp.39-41; Cadmium Borings analyzed for barium/cadmium only, not full Title 22 panel (Arsenic/Lead/Strontium not analyzed for this boring set)"
2012 SSI - Cadmium Borings (Sept 2012),Stockpile 2,CB1-19.0,19.0,False,Barium,60000,,detection,"SSI Report Table 3 (Barium and Cadmium), PDF pp.39-41; Cadmium Borings analyzed for barium/cadmium only, not full Title 22 panel (Arsenic/Lead/Strontium not analyzed for this boring set) -- EXTREME DEEP VALUE, re-verified against page image (QA)"
2012 SSI - Cadmium Borings (Sept 2012),Stockpile 2,CB2-0.0,0.0,False,Barium,110,,detection,"SSI Report Table 3 (Barium and Cadmium), PDF pp.39-41; Cadmium Borings analyzed for barium/cadmium only, not full Title 22 panel (Arsenic/Lead/Strontium not analyzed for this boring set)"
2012 SSI - Cadmium Borings (Sept 2012),Stockpile 2,CB2-4.0,4.0,False,Barium,70,,detection,"SSI Report Table 3 (Barium and Cadmium), PDF pp.39-41; Cadmium Borings analyzed for barium/cadmium only, not full Title 22 panel (Arsenic/Lead/Strontium not analyzed for this boring set)"
2012 SSI - Cadmium Borings (Sept 2012),Stockpile 2,CB2-7.0,7.0,False,Barium,470,,detection,"SSI Report Table 3 (Barium and Cadmium), PDF pp.39-41; Cadmium Borings analyzed for barium/cadmium only, not full Title 22 panel (Arsenic/Lead/Strontium not analyzed for this boring set)"
2012 SSI - Cadmium Borings (Sept 2012),Stockpile 2,CB2-9.0,9.0,False,Barium,870,,detection,"SSI Report Table 3 (Barium and Cadmium), PDF pp.39-41; Cadmium Borings analyzed for barium/cadmium only, not full Title 22 panel (Arsenic/Lead/Strontium not analyzed for this boring set)"
2012 SSI - Cadmium Borings (Sept 2012),Stockpile 2,CB2-11.0,11.0,False,Barium,130000,,detection,"SSI Report Table 3 (Barium and Cadmium), PDF pp.39-41; Cadmium Borings analyzed for barium/cadmium only, not full Title 22 panel (Arsenic/Lead/Strontium not analyzed for this boring set) -- EXTREME DEEP VALUE, re-verified against page image (QA)"
2012 SSI - Cadmium Borings (Sept 2012),Stockpile 2,CB2-16.0,16.0,False,Barium,97000,,detection,"SSI Report Table 3 (Barium and Cadmium), PDF pp.39-41; Cadmium Borings analyzed for barium/cadmium only, not full Title 22 panel (Arsenic/Lead/Strontium not analyzed for this boring set) -- EXTREME DEEP VALUE, re-verified against page image (QA)"
2012 SSI - Cadmium Borings (Sept 2012),Stockpile 2,CB2-18.0,18.0,False,Barium,300,,detection,"SSI Report Table 3 (Barium and Cadmium), PDF pp.39-41; Cadmium Borings analyzed for barium/cadmium only, not full Title 22 panel (Arsenic/Lead/Strontium not analyzed for this boring set)"
2012 SSI - Cadmium Borings (Sept 2012),Stockpile 2,CB3-0.0,0.0,False,Barium,280,,detection,"SSI Report Table 3 (Barium and Cadmium), PDF pp.39-41; Cadmium Borings analyzed for barium/cadmium only, not full Title 22 panel (Arsenic/Lead/Strontium not analyzed for this boring set)"
2012 SSI - Cadmium Borings (Sept 2012),Stockpile 2,CB3-4.0,4.0,False,Barium,95000,,detection,"SSI Report Table 3 (Barium and Cadmium), PDF pp.39-41; Cadmium Borings analyzed for barium/cadmium only, not full Title 22 panel (Arsenic/Lead/Strontium not analyzed for this boring set) -- EXTREME DEEP VALUE, re-verified against page image (QA)"
2012 SSI - Cadmium Borings (Sept 2012),Stockpile 2,CB3-9.0,9.0,False,Barium,53000,,detection,"SSI Report Table 3 (Barium and Cadmium), PDF pp.39-41; Cadmium Borings analyzed for barium/cadmium only, not full Title 22 panel (Arsenic/Lead/Strontium not analyzed for this boring set) -- EXTREME DEEP VALUE, re-verified against page image (QA)"
2012 SSI - Cadmium Borings (Sept 2012),Stockpile 2,CB3-14.0,14.0,False,Barium,100,,detection,"SSI Report Table 3 (Barium and Cadmium), PDF pp.39-41; Cadmium Borings analyzed for barium/cadmium only, not full Title 22 panel (Arsenic/Lead/Strontium not analyzed for this boring set)"
2012 SSI - Cadmium Borings (Sept 2012),Stockpile 3,CB4-0.0,0.0,False,Barium,100,,detection,"SSI Report Table 3 (Barium and Cadmium), PDF pp.39-41; Cadmium Borings analyzed for barium/cadmium only, not full Title 22 panel (Arsenic/Lead/Strontium not analyzed for this boring set)"
2012 SSI - Cadmium Borings (Sept 2012),Stockpile 3,CB4-4.0,4.0,False,Barium,71,,detection,"SSI Report Table 3 (Barium and Cadmium), PDF pp.39-41; Cadmium Borings analyzed for barium/cadmium only, not full Title 22 panel (Arsenic/Lead/Strontium not analyzed for this boring set)"
2012 SSI - Cadmium Borings (Sept 2012),Stockpile 3,CB4-9.0,9.0,False,Barium,88,,detection,"SSI Report Table 3 (Barium and Cadmium), PDF pp.39-41; Cadmium Borings analyzed for barium/cadmium only, not full Title 22 panel (Arsenic/Lead/Strontium not analyzed for this boring set)"
2012 SSI - Cadmium Borings (Sept 2012),Stockpile 3,CB4-14.0,14.0,False,Barium,68,,detection,"SSI Report Table 3 (Barium and Cadmium), PDF pp.39-41; Cadmium Borings analyzed for barium/cadmium only, not full Title 22 panel (Arsenic/Lead/Strontium not analyzed for this boring set)"
2012 SSI - Cadmium Borings (Sept 2012),Stockpile 3,CB4-19.0,19.0,False,Barium,210,,detection,"SSI Report Table 3 (Barium and Cadmium), PDF pp.39-41; Cadmium Borings analyzed for barium/cadmium only, not full Title 22 panel (Arsenic/Lead/Strontium not analyzed for this boring set)"
2012 SSI - Cadmium Borings (Sept 2012),Stockpile 3,CB5-0.0,0.0,False,Barium,85,,detection,"SSI Report Table 3 (Barium and Cadmium), PDF pp.39-41; Cadmium Borings analyzed for barium/cadmium only, not full Title 22 panel (Arsenic/Lead/Strontium not analyzed for this boring set)"
2012 SSI - Cadmium Borings (Sept 2012),Stockpile 3,CB5-4.0,4.0,False,Barium,70,,detection,"SSI Report Table 3 (Barium and Cadmium), PDF pp.39-41; Cadmium Borings analyzed for barium/cadmium only, not full Title 22 panel (Arsenic/Lead/Strontium not analyzed for this boring set)"
2012 SSI - Cadmium Borings (Sept 2012),Stockpile 3,CB5-6.0,6.0,False,Barium,87000,,detection,"SSI Report Table 3 (Barium and Cadmium), PDF pp.39-41; Cadmium Borings analyzed for barium/cadmium only, not full Title 22 panel (Arsenic/Lead/Strontium not analyzed for this boring set) -- EXTREME DEEP VALUE, re-verified against page image (QA)"
2012 SSI - Cadmium Borings (Sept 2012),Stockpile 3,CB5-10.0,10.0,False,Barium,77,,detection,"SSI Report Table 3 (Barium and Cadmium), PDF pp.39-41; Cadmium Borings analyzed for barium/cadmium only, not full Title 22 panel (Arsenic/Lead/Strontium not analyzed for this boring set)"
"Background (Shaw 2009 Final PEA, reproduced in SSI Report Table 3)","Background (offsite reference, composite)",background_composite,,True,Barium,72.8,,background_95UCL,"SSI Report Table 3 footnote 1, PDF pp.39-41; source: Final PEA, Shaw 2009"
"Background (Shaw 2009 Final PEA, reproduced in SSI Report Table 3)","Background (offsite reference, composite)",background_composite,,True,Barium,63.5,,background_mean,"SSI Report Table 3 footnote 1, PDF pp.39-41; source: Final PEA, Shaw 2009"
